county,population,14Day/0.1,01/02/20,14Day/0.1,02/02/20,14Day/0.1,03/02/20,14Day/0.1,04/02/20,14Day/0.1,05/02/20,14Day/0.1,06/02/20,14Day/0.1,07/02/20,14Day/0.1,08/02/20,14Day/0.1,09/02/20,14Day/0.1,10/02/20,14Day/0.1,11/02/20,14Day/0.1,12/02/20,14Day/0.1,13/02/20,14Day/0.1,14/02/20,14Day/0.1,15/02/20,14Day/0.1,16/02/20,14Day/0.1,17/02/20,14Day/0.1,18/02/20,14Day/0.1,19/02/20,14Day/0.1,20/02/20,14Day/0.1,21/02/20,14Day/0.1,22/02/20,14Day/0.1,23/02/20,14Day/0.1,24/02/20,14Day/0.1,25/02/20,14Day/0.1,26/02/20,14Day/0.1,27/02/20,14Day/0.1,28/02/20,14Day/0.1,29/02/20,14Day/0.1,01/03/20,14Day/0.1,02/03/20,14Day/0.1,03/03/20,14Day/0.1,04/03/20,14Day/0.1,05/03/20,14Day/0.1,06/03/20,14Day/0.1,07/03/20,14Day/0.1,08/03/20,14Day/0.1,09/03/20,14Day/0.1,10/03/20,14Day/0.1,11/03/20,14Day/0.1,12/03/20,14Day/0.1,13/03/20,14Day/0.1,14/03/20,14Day/0.1,15/03/20,14Day/0.1,16/03/20,14Day/0.1,17/03/20,14Day/0.1,18/03/20,14Day/0.1,19/03/20,14Day/0.1,20/03/20,14Day/0.1,21/03/20,14Day/0.1,22/3/2020,14Day/0.1,23/03/20,14Day/0.1,24/03/20,14Day/0.1,25/03/20,14Day/0.1,26/03/20,14Day/0.1,27/03/20,14Day/0.1,28/03/20,14Day/0.1,29/03/20,14Day/0.1,30/03/20,14Day/0.1,31/03/20,14Day/0.1,01/04/20,14Day/0.1,02/04/20,14Day/0.1,03/04/20,14Day/0.1,04/04/20,14Day/0.1,05/04/20,14Day/0.1,06/04/20,14Day/0.1,07/04/20,14Day/0.1,08/04/20,14Day/0.1,09/04/20,14Day/0.1,10/04/20,14Day/0.1,11/04/20,14Day/0.1,12/04/20,14Day/0.1,13/04/20,14Day/0.1,14/04/20,14Day/0.1,15/04/20,14Day/0.1,16/04/20,14Day/0.1,17/04/20,14Day/0.1,18/04/20,14Day/0.1,19/04/20,14Day/0.1,20/04/20,14Day/0.1,21/04/20,14Day/0.1,22/04/20,14Day/0.1,23/04/20,14Day/0.1,24/04/20,14Day/0.1,25/04/20,14Day/0.1,26/04/20,14Day/0.1,27/04/20,14Day/0.1,28/04/20,14Day/0.1,29/04/20,14Day/0.1,30/04/20,14Day/0.1,01/05/20,14Day/0.1,02/05/20,14Day/0.1,03/05/20,14Day/0.1,04/05/20,14Day/0.1,05/05/20,14Day/0.1,06/05/20,14Day/0.1,07/05/20,14Day/0.1,08/05/20,14Day/0.1,09/05/20,14Day/0.1,10/05/20,14Day/0.1,11/05/20,14Day/0.1,12/05/20,14Day/0.1,13/05/20,14Day/0.1,14/05/20,14Day/0.1,15/05/20,14Day/0.1,16/05/20,14Day/0.1,17/05/20,14Day/0.1,18/05/20,14Day/0.1,19/05/20,14Day/0.1,20/05/20,14Day/0.1,21/05/20,14Day/0.1,22/05/2020,14Day/0.1,23/5/2020,14Day/0.1,24/05/20,14Day/0.1,25/05/20,14Day/0.1,26/05/20,14Day/0.1,27/05/20,14Day/0.1,28/05/20,14Day/0.1,29/05/20,14Day/0.1,30/05/20,14Day/0.1,31/05/20,14Day/0.1,01/06/20,14Day/0.1,02/06/20,14Day/0.1,03/06/20,14Day/0.1,04/06/20,14Day/0.1,05/06/20,14Day/0.1,06/06/20,14Day/0.1,07/06/20,14Day/0.1,08/06/20,14Day/0.1,09/06/20,14Day/0.1,10/06/20,14Day/0.1,11/06/20,14Day/0.1,12/06/20,14Day/0.1,13/06/20,14Day/0.1,14/06/20,14Day/0.1,15/06/20,14Day/0.1,16/06/20,14Day/0.1,17/06/20,14Day/0.1,18/06/20,14Day/0.1,19/06/20,14Day/0.1,20/06/20,14Day/0.1,21/06/20,14Day/0.1,22/06/20,14Day/0.1,23/06/20,14Day/0.1,24/06/20,14Day/0.1,25/06/20,14Day/0.1,26/06/20,14Day/0.1,27/06/20,14Day/0.1,28/06/20,14Day/0.1,29/06/20,14Day/0.1,30/06/20,14Day/0.1,01/07/20,14Day/0.1,02/07/20,14Day/0.1,03/07/20,14Day/0.1,04/07/20,14Day/0.1,05/07/20,14Day/0.1,06/07/20,14Day/0.1,07/07/20,14Day/0.1,08/07/20,14Day/0.1,09/07/20,14Day/0.1,10/07/20,14Day/0.1,11/07/20,14Day/0.1,12/07/20,14Day/0.1,13/07/20,14Day/0.1,14/07/20,14Day/0.1,15/07/20,14Day/0.1,16/07/20,14Day/0.1,17/07/20,14Day/0.1,18/07/20,14Day/0.1,19/07/20,14Day/0.1,20/07/20,14Day/0.1,21/07/20,14Day/0.1,22/07/20,14Day/0.1,23/07/20,14Day/0.1,24/07/20,14Day/0.1,25/07/20,14Day/0.1,26/07/20,14Day/0.1,27/07/20,14Day/0.1,28/07/20,14Day/0.1,29/07/20,14Day/0.1,30/07/20,14Day/0.1,31/07/20,14Day/0.1,01/08/20,14Day/0.1,02/08/20,14Day/0.1,03/08/20,14Day/0.1,04/08/20,14Day/0.1,05/08/20,14Day/0.1,06/08/20,14Day/0.1,07/08/20,14Day/0.1,08/08/20,14Day/0.1,09/08/20,14Day/0.1,10/08/20,14Day/0.1,county
carlow,56932,NaN,NaN,NaN,NaN,NaN,NaN,NaN,NaN,NaN,NaN,NaN,NaN,NaN,NaN,NaN,NaN,NaN,NaN,NaN,NaN,NaN,NaN,NaN,NaN,NaN,NaN,NaN,NaN,NaN,NaN,NaN,NaN,NaN,NaN,NaN,NaN,NaN,NaN,NaN,NaN,NaN,NaN,NaN,NaN,NaN,NaN,NaN,NaN,NaN,NaN,NaN,NaN,NaN,NaN,NaN,NaN,NaN,NaN,NaN,NaN,NaN,NaN,NaN,NaN,NaN,NaN,NaN,NaN,NaN,NaN,NaN,NaN,NaN,NaN,NaN,NaN,NaN,NaN,NaN,NaN,NaN,NaN,NaN,NaN,NaN,NaN,NaN,NaN,NaN,? 5,NaN,? 5,NaN,? 5,NaN,?5,NaN,?5,NaN,3,NaN,3,NaN,3,NaN,3,NaN,3,NaN,3,NaN,3,NaN,3,NaN,3,NaN,3,NaN,3,NaN,3,NaN,6,NaN,12,NaN,12,15.8,12,15.8,15,21.1,16,22.8,19,28.1,22,33.4,32,50.9,38,61.5,44,72,53,87.8,59,98.4,59,98.4,69,110.7,71,103.6,78,115.9,79,117.7,80,114.2,84,119.4,86,117.7,88,115.9,91,103.6,92,94.8,93,86.1,95,73.8,95,63.2,100,72,100,54.5,126,96.6,127,86.1,127,84.3,132,91.3,132,84.3,133,82.6,136,84.3,139,84.3,141,86.1,141,84.3,143,84.3,143,84.3,144,77.3,144,77.3,146,35.1,147,35.1,148,36.9,149,29.9,150,31.6,151,31.6,151,26.3,152,22.8,152,19.3,152,19.3,152,15.8,154,19.3,155,19.3,158,24.6,166,35.1,166,33.4,166,31.6,166,29.9,169,33.4,169,31.6,168,29.9,168,28.1,168,28.1,167,26.3,168,28.1,168,24.6,168,22.8,168,17.6,171,8.8,171,8.8,171,8.8,171,8.8,171,3.5,173,7,173,8.8,174,10.5,174,10.5,175,14.1,175,12.3,175,12.3,175,12.3,NaN,NaN,NaN,NaN,175,7,175,7,175,7,175,7,175,3.5,175,3.5,175,1.8,175,1.8,175,0,175,0,175,0,175,0,176,NaN,176,NaN,176,1.8,176,1.8,176,1.8,176,1.8,177,3.5,178,5.3,178,5.3,178,5.3,178,5.3,179,7,179,7,179,7,179,5.3,179,5.3,179,5.3,179,5.3,179,5.3,179,5.3,179,3.5,179,1.8,179,1.8,179,1.8,179,1.8,179,0,180,1.8,180,1.8,181,3.5,185,10.5,185,10.5,NaN,NaN,NaN,NaN,carlow
cavan,76176,NaN,NaN,NaN,NaN,NaN,NaN,NaN,NaN,NaN,NaN,NaN,NaN,NaN,NaN,NaN,NaN,NaN,NaN,NaN,NaN,NaN,NaN,NaN,NaN,NaN,NaN,NaN,NaN,NaN,NaN,NaN,NaN,NaN,NaN,NaN,NaN,NaN,NaN,NaN,NaN,NaN,NaN,NaN,NaN,NaN,NaN,NaN,NaN,NaN,NaN,NaN,NaN,NaN,NaN,NaN,NaN,NaN,NaN,NaN,NaN,NaN,NaN,NaN,NaN,NaN,NaN,NaN,NaN,NaN,NaN,NaN,NaN,NaN,NaN,NaN,NaN,NaN,NaN,NaN,NaN,NaN,NaN,NaN,NaN,NaN,NaN,NaN,NaN,NaN,? 5,NaN,? 5,NaN,? 5,NaN,?5,NaN,?5,NaN,3,NaN,5,NaN,5,NaN,6,NaN,9,NaN,11,NaN,19,NaN,24,NaN,31,NaN,36,NaN,39,NaN,41,NaN,67,NaN,76,NaN,115,147,123,154.9,129,162.8,132,165.4,151,186.4,169,207.4,210,250.7,222,259.9,245,280.9,254,286.2,310,355.8,345,399.1,353,375.4,386,407,401,375.4,403,367.6,430,395.1,466,438.5,506,466,536,481.8,574,477.8,609,508,627,501.5,634,498.8,634,425.3,644,392.5,656,397.8,673,376.8,682,368.9,694,382,709,366.3,710,320.3,730,294.1,748,278.3,752,233.7,753,189,757,170.7,765,172,767,174.6,774,170.7,776,157.5,781,141.8,788,139.2,800,139.2,802,122.1,804,123.4,804,97.1,815,88,824,94.5,825,94.5,827,91.9,829,84,833,86.6,833,77.5,833,74.8,834,69.6,839,67,844,57.8,844,55.1,846,55.1,854,65.6,858,56.4,858,44.6,858,43.3,858,40.7,858,38.1,858,32.8,859,34.1,860,35.4,860,34.1,860,27.6,859,19.7,859,19.7,860,18.4,860,7.9,860,2.6,862,5.3,862,5.3,861,3.9,861,3.9,862,5.3,862,3.9,NaN,NaN,NaN,NaN,862,2.6,862,3.9,862,3.9,862,2.6,862,2.6,864,5.3,864,2.6,864,2.6,864,3.9,864,3.9,865,3.9,865,3.9,865,NaN,866,NaN,865,3.9,865,3.9,865,3.9,866,5.3,866,5.3,867,3.9,867,3.9,867,3.9,867,3.9,867,3.9,867,2.6,867,2.6,867,2.6,867,1.3,867,2.6,867,2.6,868,3.9,868,2.6,870,5.3,870,3.9,876,11.8,876,11.8,876,11.8,878,14.4,878,14.4,878,14.4,880,17.1,881,18.4,881,18.4,NaN,NaN,NaN,NaN,cavan
clare,118817,NaN,NaN,NaN,NaN,NaN,NaN,NaN,NaN,NaN,NaN,NaN,NaN,NaN,NaN,NaN,NaN,NaN,NaN,NaN,NaN,NaN,NaN,NaN,NaN,NaN,NaN,NaN,NaN,NaN,NaN,NaN,NaN,NaN,NaN,NaN,NaN,NaN,NaN,NaN,NaN,NaN,NaN,NaN,NaN,NaN,NaN,NaN,NaN,NaN,NaN,NaN,NaN,NaN,NaN,NaN,NaN,NaN,NaN,NaN,NaN,NaN,NaN,NaN,NaN,NaN,NaN,NaN,NaN,NaN,NaN,NaN,NaN,NaN,NaN,NaN,NaN,NaN,NaN,NaN,NaN,NaN,NaN,NaN,NaN,NaN,NaN,NaN,NaN,NaN,? 5,NaN,? 5,NaN,7,NaN,7,NaN,7,NaN,9,NaN,11,NaN,12,NaN,25,NaN,26,NaN,31,NaN,34,NaN,34,NaN,40,NaN,45,NaN,49,NaN,50,NaN,54,NaN,54,NaN,60,42.9,65,45.4,66,45.4,68,36.2,69,36.2,85,45.4,88,45.4,98,53.9,106,55.5,113,57.2,119,58.9,136,72.4,151,81.6,153,83.3,160,84.2,164,83.3,165,83.3,187,100.2,206,115.3,207,102.7,209,101.8,212,95.9,229,103.5,232,100.2,232,95.1,236,84.2,237,72.4,240,73.2,245,71.5,249,71.5,254,74.9,281,79.1,299,78.3,303,80.8,303,79.1,305,78.3,306,64.8,308,64,308,64,312,64,314,64.8,314,62.3,315,58.9,315,55.5,315,51.3,315,28.6,319,16.8,319,13.5,321,15.1,322,14.3,322,13.5,322,11.8,322,11.8,322,8.4,323,7.6,323,7.6,360,37.9,368,44.6,369,45.4,369,45.4,369,42.1,368,41.2,368,39.6,368,38.7,368,38.7,368,38.7,369,39.6,369,39.6,369,38.7,369,38.7,369,7.6,369,0.8,369,0,369,0,369,0,369,0.8,369,0.8,369,0.8,369,0.8,369,0.8,369,0,369,0,NaN,NaN,NaN,NaN,369,0,369,0,368,-0.8,368,-0.8,368,-0.8,368,-0.8,368,-0.8,368,-0.8,368,-0.8,368,-0.8,368,-0.8,368,-0.8,368,NaN,369,NaN,369,0,369,0,369,0.8,369,0.8,369,0.8,369,0.8,369,0.8,369,0.8,369,0.8,369,0.8,369,0.8,369,0.8,369,0.8,372,2.5,372,2.5,372,2.5,380,9.3,380,9.3,391,18.5,391,18.5,391,18.5,391,18.5,399,25.2,399,25.2,399,25.2,401,26.9,401,26.9,403,26.1,403,26.1,NaN,NaN,NaN,NaN,clare
cork,542868,NaN,NaN,NaN,NaN,NaN,NaN,NaN,NaN,NaN,NaN,NaN,NaN,NaN,NaN,NaN,NaN,NaN,NaN,NaN,NaN,NaN,NaN,NaN,NaN,NaN,NaN,NaN,NaN,NaN,NaN,NaN,NaN,NaN,NaN,NaN,NaN,NaN,NaN,NaN,NaN,NaN,NaN,NaN,NaN,NaN,NaN,NaN,NaN,NaN,NaN,NaN,NaN,NaN,NaN,NaN,NaN,NaN,NaN,NaN,NaN,NaN,NaN,NaN,NaN,NaN,NaN,NaN,NaN,NaN,NaN,NaN,NaN,NaN,NaN,NaN,NaN,NaN,NaN,NaN,NaN,NaN,NaN,NaN,NaN,NaN,NaN,NaN,NaN,NaN,48,NaN,62,NaN,66,NaN,88,NaN,101,NaN,104,NaN,123,NaN,133,NaN,154,NaN,171,NaN,184,NaN,208,NaN,217,NaN,238,NaN,255,NaN,272,NaN,292,NaN,304,NaN,343,NaN,362,47.5,421,54.9,431,54.9,472,58.6,503,61.2,581,73.1,648,81.1,730,94.5,780,99.8,829,105.7,916,118.6,945,120.3,979,124.3,1028,126.2,1047,126.2,1053,116.4,1077,119,1087,113.3,1096,109.2,1103,96.2,1110,85.1,1125,72.8,1126,63.7,1136,56.6,1146,42.4,1154,38.5,1156,32.6,1164,25.1,1175,23.6,1177,22.8,1192,21.2,1197,20.3,1199,19,1205,18.8,1207,17.9,1232,19.7,1234,19.9,1238,18.8,1249,19,1256,18.8,1346,35,1352,34.6,1361,34.3,1372,35.9,1376,33.9,1386,34.8,1398,36.7,1420,39.6,1428,40.7,1438,37.9,1440,37.9,1451,39.2,1458,38.5,1464,38.3,1472,23.2,1477,23,1514,28.2,1517,26.7,1517,26,1521,24.9,1527,23.8,1528,19.9,1529,18.6,1529,16.8,1529,16.4,1531,14.7,1532,13.6,1533,12.7,1533,11.2,1533,10.3,1533,3.5,1533,2.9,1535,3.3,1535,2.6,1535,1.5,1535,1.3,1535,1.1,1535,1.1,1535,1.1,1535,0.7,1535,0.6,1535,0.4,NaN,NaN,NaN,NaN,1536,0.6,1536,0.6,1536,0.2,1536,0.2,1540,0.9,1540,0.9,1541,1.1,1543,1.5,1542,1.3,1543,1.5,1545,1.8,1545,1.8,1545,NaN,1545,NaN,1546,1.8,1548,2.2,1550,2.6,1550,2.6,1554,2.6,1555,2.8,1557,2.9,1557,2.6,1557,2.8,1560,3.1,1561,2.9,1560,2.8,1560,2.8,1562,3.1,1562,2.9,1563,2.8,1563,2.4,1563,2.4,1566,2.2,1567,2.2,1567,1.8,1567,1.8,1569,2.2,1570,1.8,1572,2,1575,2.8,1575,2.8,1582,3.7,"1,582",3.7,NaN,NaN,NaN,NaN,cork
donegal,159192,NaN,NaN,NaN,NaN,NaN,NaN,NaN,NaN,NaN,NaN,NaN,NaN,NaN,NaN,NaN,NaN,NaN,NaN,NaN,NaN,NaN,NaN,NaN,NaN,NaN,NaN,NaN,NaN,NaN,NaN,NaN,NaN,NaN,NaN,NaN,NaN,NaN,NaN,NaN,NaN,NaN,NaN,NaN,NaN,NaN,NaN,NaN,NaN,NaN,NaN,NaN,NaN,NaN,NaN,NaN,NaN,NaN,NaN,NaN,NaN,NaN,NaN,NaN,NaN,NaN,NaN,NaN,NaN,NaN,NaN,NaN,NaN,NaN,NaN,NaN,NaN,NaN,NaN,NaN,NaN,NaN,NaN,NaN,NaN,NaN,NaN,NaN,NaN,NaN,? 5,NaN,? 5,NaN,? 5,NaN,?5,NaN,?5,NaN,8,NaN,11,NaN,11,NaN,12,NaN,15,NaN,15,NaN,24,NaN,36,NaN,46,NaN,63,NaN,68,NaN,77,NaN,80,NaN,81,NaN,103,59.7,114,64.7,120,68.5,125,71,145,81.7,167,95.5,188,103,225,118.7,264,136.9,296,146.4,320,158.3,352,172.7,369,181.5,376,185.3,383,175.9,392,174.6,416,185.9,431,192.2,440,185.3,437,169.6,446,162.1,452,142.6,453,118.7,454,99.3,456,85.4,458,66.6,459,56.5,461,53.4,465,51.5,466,46.5,467,32,469,23.9,469,18.2,469,20.1,469,14.4,472,12.6,474,13.2,472,11.3,473,10.7,473,9.4,474,9.4,475,8.8,475,6.3,477,6.9,477,6.3,479,6.3,478,5.7,478,5.7,478,5.7,478,3.8,478,2.5,478,3.8,477,2.5,477,2.5,477,1.9,477,1.3,477,1.3,477,0,477,0,477,-1.3,472,-3.8,472,-3.8,471,-4.4,471,-4.4,471,-4.4,470,-5,470,-4.4,469,-5,470,-4.4,470,-4.4,470,-4.4,470,-4.4,470,-4.4,470,-4.4,470,-1.3,464,-5,464,-4.4,464,-4.4,464,-4.4,464,-3.8,464,-3.8,464,-3.1,NaN,NaN,NaN,NaN,464,-3.8,465,-3.1,465,-3.1,465,-3.1,465,-3.1,465,0.6,465,0.6,466,1.3,466,1.3,466,1.3,467,1.9,468,2.5,468,NaN,468,NaN,468,2.5,468,1.9,468,1.9,469,2.5,471,3.8,471,3.8,472,4.4,472,3.8,472,3.8,472,3.8,472,3.1,472,2.5,472,2.5,472,2.5,472,2.5,472,2.5,473,3.1,473,2.5,473,1.3,474,1.9,474,1.3,476,2.5,476,2.5,476,2.5,481,5.7,482,6.3,486,8.8,487,9.4,492,12.6,NaN,NaN,NaN,NaN,donegal
dublin,1347359,NaN,NaN,NaN,NaN,NaN,NaN,NaN,NaN,NaN,NaN,NaN,NaN,NaN,NaN,NaN,NaN,NaN,NaN,NaN,NaN,NaN,NaN,NaN,NaN,NaN,NaN,NaN,NaN,NaN,NaN,NaN,NaN,NaN,NaN,NaN,NaN,NaN,NaN,NaN,NaN,NaN,NaN,NaN,NaN,NaN,NaN,NaN,NaN,NaN,NaN,NaN,NaN,NaN,NaN,NaN,NaN,NaN,NaN,NaN,NaN,NaN,NaN,NaN,NaN,NaN,NaN,NaN,NaN,NaN,NaN,NaN,NaN,NaN,NaN,NaN,NaN,NaN,NaN,NaN,NaN,NaN,NaN,NaN,NaN,NaN,NaN,NaN,NaN,NaN,129,NaN,172,NaN,225,NaN,320,NaN,402,NaN,471,NaN,535,NaN,659,NaN,774,NaN,922,NaN,1070,NaN,1233,NaN,1393,NaN,1487,NaN,1645,NaN,1838,NaN,2077,NaN,2251,NaN,2490,NaN,2692,164.8,3061,187.5,3268,193.6,3557,206.6,3873,219,4156,229,4514,243.5,5006,268.2,5438,293.2,5850,312.1,6337,333.9,6567,333.2,6934,347.6,7379,362.9,7666,369.2,7781,350.3,7905,344.2,8216,345.8,8729,360.4,9010,360.3,9224,349.6,9532,335.9,9624,310.7,9751,289.5,9967,269.4,10170,267.4,10277,248.1,10406,224.7,10561,214.9,10670,214.4,10734,210,10840,194.8,10885,160,10948,143.8,11068,136.9,11175,121.9,11235,119.6,11242,110.7,11308,99.5,11557,102.9,11657,102.4,11666,93.5,11693,84,11759,80.8,11733,74.1,11765,68.7,11794,67.5,11830,65.5,11873,59.7,11876,52,11894,48.9,11961,53.4,11996,51.1,12023,34.6,12031,27.8,12042,27.9,12052,26.6,12090,24.6,12093,26.7,12109,25.5,12118,24,12127,22,12139,19.7,12158,20.9,12159,19.7,12163,15,12167,12.7,12172,11.1,12179,11,12210,12.5,12213,11.9,12228,10.2,12235,10.5,12239,9.6,12248,9.6,12257,9.6,12263,9.2,12267,8.1,12238,5.9,12218,4.1,12218,3.8,12226,4,NaN,NaN,NaN,NaN,12245,2.4,12250,1.6,12254,1.4,12256,1.3,12262,1,12264,0.5,12270,0.5,12270,0.2,12255,1.3,12263,3.3,12266,3.6,12275,3.6,12287,NaN,12294,NaN,12308,4.7,12312,4.6,12326,5.3,12331,5.6,12342,5.9,12367,7.6,12379,8.1,12385,8.5,12390,10,12411,11,12422,11.6,12424,11.1,12439,11.3,12450,11.6,12459,11.2,12464,11.3,12480,11.4,12487,11.6,12505,12.1,12520,11.4,12524,10.8,12549,12.2,12551,11.9,12559,11,12564,10.5,12569,10.8,12574,10,12601,11.2,12617,11.7,12628,12.2,NaN,NaN,dublin
galway,258058,NaN,NaN,NaN,NaN,NaN,NaN,NaN,NaN,NaN,NaN,NaN,NaN,NaN,NaN,NaN,NaN,NaN,NaN,NaN,NaN,NaN,NaN,NaN,NaN,NaN,NaN,NaN,NaN,NaN,NaN,NaN,NaN,NaN,NaN,NaN,NaN,NaN,NaN,NaN,NaN,NaN,NaN,NaN,NaN,NaN,NaN,NaN,NaN,NaN,NaN,NaN,NaN,NaN,NaN,NaN,NaN,NaN,NaN,NaN,NaN,NaN,NaN,NaN,NaN,NaN,NaN,NaN,NaN,NaN,NaN,NaN,NaN,NaN,NaN,NaN,NaN,NaN,NaN,NaN,NaN,NaN,NaN,NaN,NaN,NaN,NaN,NaN,NaN,NaN,12,NaN,13,NaN,14,NaN,21,NaN,25,NaN,33,NaN,35,NaN,40,NaN,45,NaN,57,NaN,63,NaN,68,NaN,77,NaN,86,NaN,88,NaN,91,NaN,98,NaN,105,NaN,108,NaN,112,30.6,128,36,134,36.4,134,34.5,160,39.9,169,41.1,178,42.6,197,46.5,220,51.9,237,57.7,260,65.5,266,65.1,273,65.1,283,67.8,294,70.5,294,64.3,309,67.8,315,70.1,331,66.3,332,63.2,332,59.7,335,53.5,332,43.4,351,44.2,355,36.8,355,34.5,357,32.6,365,31.8,365,27.5,369,29.1,375,25.6,380,25.2,381,19.4,382,19.4,388,21.7,392,22.1,400,26.4,402,19.8,405,19.4,408,20.5,412,21.3,418,20.5,432,26,438,26.7,445,27.1,445,25.2,451,27.1,455,28.3,458,27.1,461,26.7,461,23.6,464,24,473,26.4,476,26.4,476,24.8,478,23.3,480,18.6,482,17.1,482,14.3,481,14,481,11.6,481,10.1,481,8.9,481,7.8,483,8.5,483,7.4,485,4.7,485,3.5,485,3.5,486,3.1,486,2.3,486,1.6,486,1.6,485,1.6,485,1.6,485,1.6,485,1.6,485,1.6,485,0.8,485,0.8,485,0,485,0,NaN,NaN,NaN,NaN,485,-0.4,485,-0.4,485,-0.4,486,0.4,486,0.4,486,0.4,486,0.4,486,0.4,486,0.4,487,0.8,487,0.8,486,0.4,490,NaN,489,NaN,489,1.6,489,1.6,489,1.6,489,1.2,489,1.2,489,1.2,491,1.9,492,2.3,492,2.3,492,1.9,492,1.9,492,2.3,493,1.2,493,1.6,493,1.6,493,1.6,495,2.3,495,2.3,495,2.3,495,2.3,498,2.7,498,2.3,498,2.3,498,2.3,498,2.3,499,2.7,499,2.3,500,2.7,500,2.7,NaN,NaN,NaN,NaN,galway
kerry,147707,NaN,NaN,NaN,NaN,NaN,NaN,NaN,NaN,NaN,NaN,NaN,NaN,NaN,NaN,NaN,NaN,NaN,NaN,NaN,NaN,NaN,NaN,NaN,NaN,NaN,NaN,NaN,NaN,NaN,NaN,NaN,NaN,NaN,NaN,NaN,NaN,NaN,NaN,NaN,NaN,NaN,NaN,NaN,NaN,NaN,NaN,NaN,NaN,NaN,NaN,NaN,NaN,NaN,NaN,NaN,NaN,NaN,NaN,NaN,NaN,NaN,NaN,NaN,NaN,NaN,NaN,NaN,NaN,NaN,NaN,NaN,NaN,NaN,NaN,NaN,NaN,NaN,NaN,NaN,NaN,NaN,NaN,NaN,NaN,NaN,NaN,NaN,NaN,NaN,6,NaN,6,NaN,7,NaN,8,NaN,9,NaN,12,NaN,15,NaN,33,NaN,38,NaN,44,NaN,47,NaN,53,NaN,60,NaN,66,NaN,68,NaN,72,NaN,79,NaN,84,NaN,85,NaN,89,52.1,117,69.1,122,60.3,125,58.9,145,68.4,155,73.1,170,79.2,200,94.8,219,103.6,226,107,246,117.8,254,118.5,256,116.4,262,119.8,268,121.2,268,102.2,268,98.8,271,98.8,271,85.3,276,81.9,277,72.4,288,59.6,288,46.7,292,44.7,292,31.1,293,26.4,294,25.7,295,22.3,298,20.3,301,22.3,302,23,302,21,303,21.7,303,18.3,303,17.6,303,10.2,305,11.5,305,8.8,305,8.8,306,8.8,307,8.8,307,8.1,307,6.1,308,4.7,308,4.1,308,4.1,308,3.4,308,3.4,308,3.4,308,3.4,308,2,308,2,308,2,308,1.4,308,0.7,308,0.7,308,0.7,308,0,308,0,308,0,308,0,308,0,308,0,308,0,308,0,308,0,308,0,308,0,308,0,308,0,308,0,308,0,308,0,308,0,309,0.7,310,1.4,310,1.4,310,1.4,310,1.4,310,1.4,310,1.4,310,1.4,NaN,NaN,NaN,NaN,310,1.4,310,1.4,310,1.4,310,1.4,310,0.7,310,0,310,0,310,0,311,0.7,310,0,310,0,310,0,311,NaN,311,NaN,311,0.7,314,2.7,316,4.1,316,4.1,316,4.1,316,4.1,316,4.1,316,4.1,316,3.4,316,4.1,316,4.1,316,4.1,316,3.4,317,4.1,317,4.1,317,2,317,0.7,317,0.7,317,0.7,317,0.7,317,0.7,317,0.7,318,1.4,318,1.4,318,1.4,318,1.4,318,1.4,318,0.7,318,0.7,NaN,NaN,NaN,NaN,kerry
kildare,222504,NaN,NaN,NaN,NaN,NaN,NaN,NaN,NaN,NaN,NaN,NaN,NaN,NaN,NaN,NaN,NaN,NaN,NaN,NaN,NaN,NaN,NaN,NaN,NaN,NaN,NaN,NaN,NaN,NaN,NaN,NaN,NaN,NaN,NaN,NaN,NaN,NaN,NaN,NaN,NaN,NaN,NaN,NaN,NaN,NaN,NaN,NaN,NaN,NaN,NaN,NaN,NaN,NaN,NaN,NaN,NaN,NaN,NaN,NaN,NaN,NaN,NaN,NaN,NaN,NaN,NaN,NaN,NaN,NaN,NaN,NaN,NaN,NaN,NaN,NaN,NaN,NaN,NaN,NaN,NaN,NaN,NaN,NaN,NaN,NaN,NaN,NaN,NaN,NaN,? 5,NaN,6,NaN,9,NaN,18,NaN,20,NaN,23,NaN,25,NaN,34,NaN,39,NaN,45,NaN,56,NaN,61,NaN,64,NaN,66,NaN,80,NaN,90,NaN,103,NaN,136,NaN,152,NaN,175,68.3,200,78.7,233,89.4,253,96.2,290,110.1,332,124,360,134.4,404,152.8,443,169.4,509,192.8,567,214.4,621,232.8,684,246.3,763,274.6,817,288.5,822,279.5,851,277.7,875,279.5,954,298.4,1003,301.6,1028,300.2,1127,324.9,1147,316.4,1162,293.5,1193,281.3,1215,267,1226,243.6,1242,215.3,1268,202.7,1280,205.8,1289,196.9,1302,191.9,1312,160.9,1317,141.1,1324,133,1331,91.7,1337,85.4,1344,81.8,1348,69.7,1352,61.6,1357,58.9,1361,53.5,1367,44.5,1379,44.5,1379,40.4,1381,35.5,1383,31.9,1387,31.5,1392,30.6,1390,26.5,1395,26.1,1408,28.8,1414,29.7,1416,28.8,1416,26.5,1416,24.7,1417,22.5,1419,18,1419,18,1419,17.1,1419,16.2,1423,16.2,1423,13.9,1423,14.8,1424,13,1424,7.2,1426,5.4,1426,4.5,1426,4.5,1432,7.2,1434,7.6,1434,6.7,1435,7.2,1436,7.6,1439,9,1439,7.2,1443,9,1443,9,1467,19.3,1476,23.4,1477,22.9,1478,23.4,NaN,NaN,NaN,NaN,1481,21.1,1487,23.8,1488,23.8,1488,23.4,1491,23.4,1492,23.8,1494,22.9,1497,24.3,1498,13.9,1499,10.3,1500,10.3,1503,11.2,1506,NaN,1513,NaN,1513,14.4,1514,12.1,1517,13,1517,13,1517,11.7,1518,11.7,1521,12.1,1523,11.7,1524,11.7,1525,11.7,1526,11.7,1529,11.7,1532,11.7,1534,9.4,1535,9.9,1538,10.8,1541,10.8,1543,11.7,1572,24.7,1589,31.9,1597,34.2,1603,36,1618,42.2,1651,56.6,1661,60.7,1680,67.9,1715,82.2,1825,130.8,1845,139.3,1864,146.5,NaN,NaN,kildare
kilkenny,99232,NaN,NaN,NaN,NaN,NaN,NaN,NaN,NaN,NaN,NaN,NaN,NaN,NaN,NaN,NaN,NaN,NaN,NaN,NaN,NaN,NaN,NaN,NaN,NaN,NaN,NaN,NaN,NaN,NaN,NaN,NaN,NaN,NaN,NaN,NaN,NaN,NaN,NaN,NaN,NaN,NaN,NaN,NaN,NaN,NaN,NaN,NaN,NaN,NaN,NaN,NaN,NaN,NaN,NaN,NaN,NaN,NaN,NaN,NaN,NaN,NaN,NaN,NaN,NaN,NaN,NaN,NaN,NaN,NaN,NaN,NaN,NaN,NaN,NaN,NaN,NaN,NaN,NaN,NaN,NaN,NaN,NaN,NaN,NaN,NaN,NaN,NaN,NaN,NaN,? 5,NaN,? 5,NaN,7,NaN,11,NaN,11,NaN,15,NaN,16,NaN,16,NaN,19,NaN,20,NaN,29,NaN,33,NaN,36,NaN,36,NaN,37,NaN,37,NaN,47,NaN,54,NaN,73,NaN,75,60.5,79,63.5,88,72.6,90,71.5,96,76.6,115,86.7,124,91.7,136,100.8,144,108.8,164,128,173,137.1,179,133,188,135,197,125,206,132,210,132,216,129,222,133,227,132,229,114.9,230,106.8,233,97.8,233,89.7,236,72.6,242,69.5,250,71.5,254,66.5,258,61.5,259,53.4,258,48.4,259,43.3,265,43.3,265,38.3,271,42.3,277,47.4,280,47.4,284,51.4,291,55.4,292,50.4,293,43.3,295,41.3,298,40.3,300,41.3,302,44.3,307,48.4,307,42.3,316,51.4,319,48.4,334,57.4,334,54.4,334,50.4,336,45.3,337,45.3,337,44.3,337,42.3,338,40.3,338,38.3,338,36.3,339,32.2,339,32.2,340,24.2,344,25.2,344,10.1,345,11.1,345,11.1,345,9.1,346,9.1,346,9.1,346,9.1,348,10.1,348,10.1,348,10.1,350,11.1,350,11.1,351,11.1,353,9.1,354,10.1,354,9.1,353,8.1,354,9.1,354,8.1,354,8.1,NaN,NaN,NaN,NaN,355,7.1,355,7.1,355,5,355,5,355,4,356,3,356,2,356,2,356,3,356,2,356,2,356,2,356,NaN,356,NaN,356,1,356,1,356,1,356,1,356,1,356,0,356,0,356,0,356,0,356,0,356,0,356,0,356,0,356,0,356,0,356,0,356,0,357,1,357,1,357,1,357,1,357,1,357,1,357,1,357,1,357,1,358,2,359,3,359,3,NaN,NaN,NaN,NaN,kilkenny
laois,84697,NaN,NaN,NaN,NaN,NaN,NaN,NaN,NaN,NaN,NaN,NaN,NaN,NaN,NaN,NaN,NaN,NaN,NaN,NaN,NaN,NaN,NaN,NaN,NaN,NaN,NaN,NaN,NaN,NaN,NaN,NaN,NaN,NaN,NaN,NaN,NaN,NaN,NaN,NaN,NaN,NaN,NaN,NaN,NaN,NaN,NaN,NaN,NaN,NaN,NaN,NaN,NaN,NaN,NaN,NaN,NaN,NaN,NaN,NaN,NaN,NaN,NaN,NaN,NaN,NaN,NaN,NaN,NaN,NaN,NaN,NaN,NaN,NaN,NaN,NaN,NaN,NaN,NaN,NaN,NaN,NaN,NaN,NaN,NaN,NaN,NaN,NaN,NaN,NaN,NaN,NaN,? 5,NaN,? 5,NaN,?5,NaN,6,NaN,6,NaN,8,NaN,9,NaN,9,NaN,10,NaN,11,NaN,14,NaN,14,NaN,15,NaN,16,NaN,16,NaN,16,NaN,21,NaN,22,NaN,25,22.4,31,27.2,34,29.5,37,33.1,49,46,61,59,71,67.3,88,87.4,101,101.5,118,120.4,133,138.1,139,145.2,147,148.8,168,172.4,170,171.2,177,172.4,185,178.3,192,183,202,180.6,204,168.8,205,158.2,205,138.1,212,131.1,216,115.7,218,100.4,224,100.4,230,98,234,77.9,237,79.1,238,72,240,64.9,243,60.2,242,47.2,247,50.8,247,49.6,248,50.8,249,43.7,249,39,249,36.6,251,31.9,251,24.8,253,22.4,253,18.9,254,18.9,254,16.5,256,15.3,256,16.5,256,10.6,256,10.6,256,9.4,257,9.4,258,10.6,258,10.6,258,8.3,258,8.3,259,7.1,259,7.1,259,5.9,260,7.1,260,4.7,260,4.7,261,5.9,262,7.1,262,7.1,262,5.9,262,4.7,262,4.7,262,4.7,264,7.1,264,5.9,264,5.9,264,5.9,264,4.7,264,4.7,264,4.7,264,3.5,264,2.4,265,3.5,265,3.5,265,3.5,265,3.5,265,3.5,NaN,NaN,NaN,NaN,265,1.2,265,1.2,265,1.2,265,1.2,265,1.2,265,1.2,265,1.2,265,0,265,0,265,0,265,0,265,0,265,NaN,265,NaN,265,0,265,0,265,0,265,0,265,0,265,0,265,0,265,0,266,1.2,267,2.4,267,2.4,267,2.4,267,2.4,268,3.5,268,3.5,268,3.5,271,7.1,273,9.4,282,20.1,283,21.3,286,24.8,305,47.2,313,55.5,314,55.5,314,55.5,322,64.9,326,69.7,327,69.7,339,83.8,NaN,NaN,NaN,NaN,laois
leitrim,32044,NaN,NaN,NaN,NaN,NaN,NaN,NaN,NaN,NaN,NaN,NaN,NaN,NaN,NaN,NaN,NaN,NaN,NaN,NaN,NaN,NaN,NaN,NaN,NaN,NaN,NaN,NaN,NaN,NaN,NaN,NaN,NaN,NaN,NaN,NaN,NaN,NaN,NaN,NaN,NaN,NaN,NaN,NaN,NaN,NaN,NaN,NaN,NaN,NaN,NaN,NaN,NaN,NaN,NaN,NaN,NaN,NaN,NaN,NaN,NaN,NaN,NaN,NaN,NaN,NaN,NaN,NaN,NaN,NaN,NaN,NaN,NaN,NaN,NaN,NaN,NaN,NaN,NaN,NaN,NaN,NaN,NaN,NaN,NaN,NaN,NaN,NaN,NaN,NaN,NaN,NaN,? 5,NaN,? 5,NaN,?5,NaN,?5,NaN,3,NaN,3,NaN,3,NaN,3,NaN,3,NaN,3,NaN,3,NaN,6,NaN,6,NaN,10,NaN,12,NaN,12,NaN,13,NaN,13,NaN,14,34.3,18,46.8,20,53.1,23,62.4,25,68.7,31,87.4,32,90.5,32,81.1,36,93.6,40,93.6,43,96.7,46,106.1,46,103,47,106.1,49,109.2,54,112.3,55,109.2,56,103,62,115.5,62,96.7,64,99.9,66,106.1,67,96.7,67,84.3,68,78,68,68.7,68,68.7,67,62.4,70,65.5,70,49.9,70,46.8,70,43.7,66,12.5,66,12.5,66,6.2,74,25,74,21.8,75,25,77,28.1,77,28.1,79,34.3,79,37.4,79,28.1,80,31.2,82,37.4,82,37.4,82,49.9,82,49.9,82,49.9,82,25,82,25,82,21.8,83,18.7,83,18.7,83,12.5,83,12.5,83,12.5,83,9.4,83,3.1,83,3.1,83,3.1,84,6.2,84,6.2,84,6.2,84,6.2,84,6.2,84,3.1,84,3.1,84,3.1,84,3.1,84,3.1,84,3.1,84,3.1,84,3.1,84,3.1,78,-18.7,78,-18.7,78,-18.7,78,-18.7,78,-18.7,78,-18.7,78,-18.7,NaN,NaN,NaN,NaN,78,-18.7,79,-15.6,80,-12.5,80,-12.5,80,-12.5,82,12.5,82,12.5,82,12.5,82,12.5,82,12.5,82,12.5,82,12.5,82,NaN,82,NaN,82,12.5,82,9.4,82,6.2,82,6.2,82,6.2,83,3.1,83,3.1,83,3.1,83,3.1,83,3.1,83,3.1,83,3.1,83,3.1,83,3.1,83,3.1,83,3.1,84,6.2,84,6.2,84,6.2,84,3.1,84,3.1,84,3.1,85,6.2,85,6.2,85,6.2,85,6.2,85,6.2,85,6.2,85,6.2,NaN,NaN,NaN,NaN,leitrim
limerick,194899,NaN,NaN,NaN,NaN,NaN,NaN,NaN,NaN,NaN,NaN,NaN,NaN,NaN,NaN,NaN,NaN,NaN,NaN,NaN,NaN,NaN,NaN,NaN,NaN,NaN,NaN,NaN,NaN,NaN,NaN,NaN,NaN,NaN,NaN,NaN,NaN,NaN,NaN,NaN,NaN,NaN,NaN,NaN,NaN,NaN,NaN,NaN,NaN,NaN,NaN,NaN,NaN,NaN,NaN,NaN,NaN,NaN,NaN,NaN,NaN,NaN,NaN,NaN,NaN,NaN,NaN,NaN,NaN,NaN,NaN,NaN,NaN,NaN,NaN,NaN,NaN,NaN,NaN,NaN,NaN,NaN,NaN,NaN,NaN,NaN,NaN,NaN,NaN,NaN,14,NaN,14,NaN,15,NaN,15,NaN,15,NaN,18,NaN,19,NaN,19,NaN,24,NaN,36,NaN,46,NaN,55,NaN,64,NaN,67,NaN,87,NaN,94,NaN,96,NaN,116,NaN,128,NaN,140,62.6,143,63.6,160,72.3,173,76.4,186,77,222,90.3,234,91.8,252,96.5,265,101.6,285,101.6,307,109.3,343,126.7,382,136.5,384,131.4,401,133.9,409,136.5,415,130.8,420,126.7,439,129.8,441,112.4,442,106.7,457,105.2,518,129.8,532,126.7,535,117,548,105.2,564,93.4,580,100.6,583,93.4,585,90.3,591,90.3,574,79,566,65.2,570,66.2,572,66.7,582,64.1,588,35.9,588,28.7,591,28.7,595,24.1,596,16.4,601,10.8,602,9.7,603,9.2,610,9.7,612,19.5,615,25.1,615,23.1,616,22.6,619,19,622,17.4,624,18.5,626,18,627,16.4,628,16.4,629,14.4,594,-4.1,581,-11.3,582,-14.4,582,-15.4,582,-16.9,582,-16.9,582,-17.4,583,-18.5,583,-20,583,-21,583,-22.1,583,-22.6,584,-22.6,584,-23.1,584,-5.1,585,2.1,584,1,583,0.5,583,0.5,583,0.5,583,0.5,583,0,583,0,583,0,583,0,583,0,NaN,NaN,NaN,NaN,583,-0.5,583,-1,583,-0.5,585,1,586,1.5,586,1.5,587,2.1,587,2.1,587,2.1,587,2.1,588,2.6,589,3.1,589,NaN,589,NaN,589,3.1,589,3.1,589,3.1,589,2.1,589,1.5,589,1.5,589,1,589,1,589,1,590,1.5,591,1.5,591,1,591,1,591,1,591,1,591,1,591,1,592,1.5,599,5.1,600,5.6,609,10.3,609,10.3,610,10.8,610,10.3,613,11.3,616,12.8,619,14.4,620,14.9,620,14.9,627,18.5,NaN,NaN,limerick
longford,40873,NaN,NaN,NaN,NaN,NaN,NaN,NaN,NaN,NaN,NaN,NaN,NaN,NaN,NaN,NaN,NaN,NaN,NaN,NaN,NaN,NaN,NaN,NaN,NaN,NaN,NaN,NaN,NaN,NaN,NaN,NaN,NaN,NaN,NaN,NaN,NaN,NaN,NaN,NaN,NaN,NaN,NaN,NaN,NaN,NaN,NaN,NaN,NaN,NaN,NaN,NaN,NaN,NaN,NaN,NaN,NaN,NaN,NaN,NaN,NaN,NaN,NaN,NaN,NaN,NaN,NaN,NaN,NaN,NaN,NaN,NaN,NaN,NaN,NaN,NaN,NaN,NaN,NaN,NaN,NaN,NaN,NaN,NaN,NaN,NaN,NaN,NaN,NaN,NaN,? 5,NaN,? 5,NaN,? 5,NaN,?5,NaN,?5,NaN,3,NaN,3,NaN,4,NaN,3,NaN,5,NaN,5,NaN,10,NaN,10,NaN,10,NaN,12,NaN,14,NaN,16,NaN,17,NaN,17,NaN,21,44,25,53.8,35,75.8,36,80.7,41,88.1,45,97.9,49,95.4,56,112.5,58,117.4,69,139.5,77,154.1,79,154.1,83,161.5,88,173.7,91,171.3,94,168.8,101,161.5,102,161.5,102,149.2,113,166.4,124,183.5,129,178.6,135,188.4,145,185.9,146,168.8,149,171.3,150,163.9,153,159,213,298.5,235,345,257,381.7,259,384.1,260,386.6,264,369.4,264,342.5,267,337.6,269,327.8,270,305.8,272,308.3,273,303.4,273,300.9,277,303.4,279,161.5,279,107.7,279,53.8,280,51.4,280,48.9,280,39.1,280,39.1,281,34.3,281,29.4,281,26.9,281,22,280,17.1,281,19.6,283,14.7,283,9.8,283,9.8,283,9.8,284,9.8,284,9.8,284,9.8,285,12.2,285,9.8,285,9.8,285,9.8,285,9.8,285,12.2,285,9.8,285,4.9,285,4.9,285,4.9,285,4.9,285,2.4,285,2.4,285,2.4,285,0,285,0,285,0,285,0,285,0,285,0,NaN,NaN,NaN,NaN,286,2.4,286,2.4,286,2.4,286,2.4,286,2.4,286,2.4,286,2.4,287,4.9,287,4.9,287,4.9,287,4.9,287,4.9,287,NaN,287,NaN,287,2.4,287,2.4,287,2.4,287,2.4,287,2.4,287,2.4,287,2.4,287,0,287,0,287,0,287,0,287,0,287,0,288,2.4,288,2.4,288,2.4,288,2.4,288,2.4,288,2.4,288,2.4,288,2.4,288,2.4,288,2.4,288,2.4,288,2.4,288,2.4,288,2.4,288,0,288,0,NaN,NaN,NaN,NaN,longford
louth,128884,NaN,NaN,NaN,NaN,NaN,NaN,NaN,NaN,NaN,NaN,NaN,NaN,NaN,NaN,NaN,NaN,NaN,NaN,NaN,NaN,NaN,NaN,NaN,NaN,NaN,NaN,NaN,NaN,NaN,NaN,NaN,NaN,NaN,NaN,NaN,NaN,NaN,NaN,NaN,NaN,NaN,NaN,NaN,NaN,NaN,NaN,NaN,NaN,NaN,NaN,NaN,NaN,NaN,NaN,NaN,NaN,NaN,NaN,NaN,NaN,NaN,NaN,NaN,NaN,NaN,NaN,NaN,NaN,NaN,NaN,NaN,NaN,NaN,NaN,NaN,NaN,NaN,NaN,NaN,NaN,NaN,NaN,NaN,NaN,NaN,NaN,NaN,NaN,NaN,? 5,NaN,6,NaN,8,NaN,9,NaN,11,NaN,13,NaN,16,NaN,18,NaN,20,NaN,24,NaN,27,NaN,34,NaN,39,NaN,44,NaN,51,NaN,52,NaN,54,NaN,55,NaN,64,NaN,65,40.3,85,53.5,96,60.5,106,66.7,116,71.4,133,82.2,143,84.6,195,121,208,127.2,236,143.5,350,231.2,384,256,406,272.3,405,264.6,437,288.6,469,297.9,489,304.9,506,310.4,536,325.9,590,354.6,597,352.3,627,335.2,640,335.2,652,322.8,655,236.6,659,213.4,667,202.5,673,207.9,679,187.8,685,167.6,693,158.3,699,149.7,703,129.6,715,97,721,96.2,730,79.9,733,72.2,735,64.4,734,61.3,740,62.8,741,57.4,739,51.2,740,47.3,743,45,745,40.3,748,38,751,37.2,756,31.8,756,27.2,759,22.5,759,20.2,759,18.6,759,19.4,759,14.7,763,17.1,766,20.9,768,21.7,776,25.6,775,23.3,776,21.7,777,20.2,777,16.3,777,16.3,776,13.2,778,14.7,778,14.7,778,14.7,778,14.7,778,11.6,778,9.3,778,7.8,778,1.6,778,2.3,778,1.6,778,0.8,779,1.6,780,2.3,780,3.1,780,1.6,780,1.6,780,1.6,780,1.6,NaN,NaN,NaN,NaN,781,2.3,781,2.3,781,2.3,781,2.3,781,2.3,781,1.6,781,0.8,782,1.6,782,1.6,785,3.9,785,3.9,785,3.9,785,NaN,787,NaN,787,4.7,787,4.7,789,6.2,789,6.2,790,7,791,7.8,791,7.8,791,7,791,7,791,4.7,791,4.7,791,4.7,792,5.4,792,3.9,792,3.9,792,3.9,793,3.1,793,3.1,793,2.3,794,2.3,794,2.3,794,2.3,795,3.1,795,3.1,796,3.9,797,4.7,798,4.7,799,5.4,799,5.4,NaN,NaN,NaN,NaN,louth
mayo,130507,NaN,NaN,NaN,NaN,NaN,NaN,NaN,NaN,NaN,NaN,NaN,NaN,NaN,NaN,NaN,NaN,NaN,NaN,NaN,NaN,NaN,NaN,NaN,NaN,NaN,NaN,NaN,NaN,NaN,NaN,NaN,NaN,NaN,NaN,NaN,NaN,NaN,NaN,NaN,NaN,NaN,NaN,NaN,NaN,NaN,NaN,NaN,NaN,NaN,NaN,NaN,NaN,NaN,NaN,NaN,NaN,NaN,NaN,NaN,NaN,NaN,NaN,NaN,NaN,NaN,NaN,NaN,NaN,NaN,NaN,NaN,NaN,NaN,NaN,NaN,NaN,NaN,NaN,NaN,NaN,NaN,NaN,NaN,NaN,NaN,NaN,NaN,NaN,NaN,? 5,NaN,? 5,NaN,? 5,NaN,?5,NaN,?5,NaN,6,NaN,9,NaN,9,NaN,14,NaN,18,NaN,21,NaN,26,NaN,28,NaN,36,NaN,48,NaN,52,NaN,55,NaN,63,NaN,78,NaN,107,77.4,126,89.7,130,92.7,134,91.9,153,103.4,168,112.6,183,120.3,194,127.2,198,124.1,216,128.7,249,150.9,259,156.3,273,160.9,312,179.3,332,172.4,335,160.1,339,160.1,365,177,391,182.4,395,173.9,435,193.1,464,206.9,466,205.4,478,200.8,483,179.3,485,173.2,488,164.7,494,139.5,501,129.5,510,134.1,512,132.6,514,114.2,518,97.3,522,97.3,522,66.7,522,44.4,537,54.4,538,46,541,44.4,542,43.7,542,41.4,547,40.6,552,39.1,556,35.2,558,35.2,560,35.2,560,32.2,564,32.2,568,35.2,568,35.2,568,23.8,568,23,569,21.5,569,20.7,571,22.2,571,18.4,571,14.6,570,10.7,570,9.2,570,7.7,570,7.7,570,4.6,570,1.5,570,1.5,570,1.5,570,1.5,570,0.8,570,0.8,570,-0.8,571,0,572,0.8,572,1.5,572,1.5,571,0.8,571,0.8,571,0.8,572,1.5,572,1.5,572,1.5,572,1.5,571,0.8,571,0.8,NaN,NaN,NaN,NaN,571,-0.8,572,0,572,0,572,0.8,572,0.8,572,0.8,572,0,572,0,572,0,572,0,572,0.8,573,1.5,573,NaN,573,NaN,573,1.5,573,0.8,573,0.8,573,0.8,573,0.8,573,0.8,574,1.5,574,1.5,574,1.5,574,1.5,574,1.5,575,1.5,575,1.5,575,1.5,576,2.3,576,2.3,576,2.3,576,2.3,576,2.3,576,2.3,583,6.9,583,6.9,583,6.9,583,6.9,583,6.9,583,6.1,583,6.1,584,6.9,584,6.1,NaN,NaN,NaN,NaN,mayo
meath,195044,NaN,NaN,NaN,NaN,NaN,NaN,NaN,NaN,NaN,NaN,NaN,NaN,NaN,NaN,NaN,NaN,NaN,NaN,NaN,NaN,NaN,NaN,NaN,NaN,NaN,NaN,NaN,NaN,NaN,NaN,NaN,NaN,NaN,NaN,NaN,NaN,NaN,NaN,NaN,NaN,NaN,NaN,NaN,NaN,NaN,NaN,NaN,NaN,NaN,NaN,NaN,NaN,NaN,NaN,NaN,NaN,NaN,NaN,NaN,NaN,NaN,NaN,NaN,NaN,NaN,NaN,NaN,NaN,NaN,NaN,NaN,NaN,NaN,NaN,NaN,NaN,NaN,NaN,NaN,NaN,NaN,NaN,NaN,NaN,NaN,NaN,NaN,NaN,NaN,? 5,NaN,6,NaN,11,NaN,10,NaN,11,NaN,13,NaN,16,NaN,24,NaN,27,NaN,33,NaN,41,NaN,46,NaN,47,NaN,54,NaN,66,NaN,74,NaN,88,NaN,93,NaN,106,NaN,141,65.6,168,77.9,183,81.5,198,87.7,206,88.7,230,96.9,249,104.1,289,124.1,342,147.7,369,155.3,405,169.7,421,170.7,461,188.7,500,202,513,190.7,522,181.5,539,182.5,550,180.5,568,185.6,578,178.4,613,186.6,626,172.8,638,151.8,661,149.7,671,136.4,681,133.3,687,115.9,699,102,713,102.5,717,100,722,93.8,723,88.7,727,81.5,754,90.2,758,74.3,760,68.7,769,67.2,769,55.4,770,50.8,773,47.2,776,45.6,778,40.5,780,34.4,782,33.3,787,33.3,788,33.3,790,32.3,795,21,797,20,797,19,797,14.4,797,14.4,793,11.8,793,10.3,795,9.7,797,9.7,796,8.2,800,9.2,801,7.2,802,7.2,804,7.2,805,5.1,806,4.6,804,3.6,804,3.6,804,3.6,804,5.6,805,6.2,805,5.1,805,4.1,805,4.6,805,2.6,806,2.6,806,2.1,806,1,806,0.5,807,0.5,807,1.5,807,1.5,808,2.1,808,2.1,808,1.5,NaN,NaN,NaN,NaN,808,1.5,808,1.5,808,1,808,1,808,1,808,1,809,1,811,2.1,811,2.1,812,2.1,812,2.1,812,2.1,812,NaN,812,NaN,812,2.1,812,2.1,817,4.6,817,4.6,817,4.6,817,4.6,817,4.1,817,3.1,817,3.1,822,5.1,823,5.6,824,6.2,824,6.2,826,7.2,826,7.2,825,6.7,826,4.6,826,4.6,829,6.2,829,6.2,830,6.7,830,6.7,831,7.2,831,4.6,834,5.6,835,5.6,839,7.7,845,9.7,845,9.7,NaN,NaN,NaN,NaN,meath
monaghan,61386,NaN,NaN,NaN,NaN,NaN,NaN,NaN,NaN,NaN,NaN,NaN,NaN,NaN,NaN,NaN,NaN,NaN,NaN,NaN,NaN,NaN,NaN,NaN,NaN,NaN,NaN,NaN,NaN,NaN,NaN,NaN,NaN,NaN,NaN,NaN,NaN,NaN,NaN,NaN,NaN,NaN,NaN,NaN,NaN,NaN,NaN,NaN,NaN,NaN,NaN,NaN,NaN,NaN,NaN,NaN,NaN,NaN,NaN,NaN,NaN,NaN,NaN,NaN,NaN,NaN,NaN,NaN,NaN,NaN,NaN,NaN,NaN,NaN,NaN,NaN,NaN,NaN,NaN,NaN,NaN,NaN,NaN,NaN,NaN,NaN,NaN,NaN,NaN,NaN,NaN,NaN,NaN,NaN,NaN,NaN,NaN,NaN,?5,NaN,3,NaN,3,NaN,3,NaN,3,NaN,5,NaN,8,NaN,11,NaN,12,NaN,13,NaN,13,NaN,17,NaN,18,NaN,20,NaN,23,NaN,52,79.8,58,89.6,62,96.1,63,97.7,69,104.3,81,118.9,88,125.4,95,135.2,123,179.2,147,218.3,161,234.6,166,241.1,170,244.4,174,246,187,219.9,199,229.7,220,257.4,249,303,318,405.6,327,400.7,350,426.8,373,452.9,385,426.8,388,392.6,393,377.9,399,379.6,403,379.6,409,382.8,423,384.5,429,374.7,432,345.4,441,312.8,443,203.6,447,195.5,447,158,449,123.8,454,112.4,458,114,464,115.7,467,110.8,468,105.9,480,115.7,480,92.9,485,91.2,485,86.3,488,76.6,489,74.9,489,68.4,501,88,501,84.7,503,79.8,503,73.3,504,65.2,504,60.3,507,63.5,509,47.2,509,47.2,512,44,512,44,521,53.8,527,61.9,528,63.5,528,44,530,47.2,531,45.6,531,45.6,534,48.9,534,48.9,534,44,535,42.4,535,42.4,536,39.1,536,39.1,536,24.4,536,14.7,536,13,536,13,536,9.8,536,8.1,536,8.1,537,4.9,537,4.9,NaN,NaN,NaN,NaN,538,4.9,538,3.3,538,3.3,538,3.3,538,3.3,538,3.3,538,3.3,538,3.3,538,3.3,539,4.9,539,3.3,539,3.3,539,NaN,539,NaN,539,1.6,539,1.6,540,3.3,540,3.3,540,3.3,540,3.3,540,3.3,540,3.3,540,3.3,541,3.3,541,3.3,541,3.3,541,3.3,541,3.3,541,3.3,541,3.3,541,1.6,541,1.6,541,1.6,541,1.6,542,3.3,542,3.3,542,3.3,542,1.6,542,1.6,542,1.6,543,3.3,543,3.3,543,3.3,NaN,NaN,NaN,NaN,monaghan
offaly,77961,NaN,NaN,NaN,NaN,NaN,NaN,NaN,NaN,NaN,NaN,NaN,NaN,NaN,NaN,NaN,NaN,NaN,NaN,NaN,NaN,NaN,NaN,NaN,NaN,NaN,NaN,NaN,NaN,NaN,NaN,NaN,NaN,NaN,NaN,NaN,NaN,NaN,NaN,NaN,NaN,NaN,NaN,NaN,NaN,NaN,NaN,NaN,NaN,NaN,NaN,NaN,NaN,NaN,NaN,NaN,NaN,NaN,NaN,NaN,NaN,NaN,NaN,NaN,NaN,NaN,NaN,NaN,NaN,NaN,NaN,NaN,NaN,NaN,NaN,NaN,NaN,NaN,NaN,NaN,NaN,NaN,NaN,NaN,NaN,NaN,NaN,NaN,NaN,NaN,? 5,NaN,? 5,NaN,? 5,NaN,7,NaN,9,NaN,10,NaN,13,NaN,13,NaN,16,NaN,19,NaN,22,NaN,29,NaN,34,NaN,34,NaN,40,NaN,46,NaN,47,NaN,63,NaN,64,NaN,66,71.8,73,77,77,82.1,81,83.4,88,88.5,104,105.2,119,115.4,133,127,144,141.1,150,141.1,163,150.1,171,159.1,177,146.2,187,157.8,190,159.1,195,156.5,198,155.2,205,159.1,217,165.5,222,151.4,225,136,228,121.9,236,118,264,146.2,282,152.6,284,144.9,293,148.8,305,151.4,314,159.1,317,156.5,339,180.9,346,180.9,345,164.2,349,162.9,350,160.3,351,157.8,358,156.5,360,123.1,362,102.6,435,193.7,455,207.8,459,197.5,459,186,461,184.7,468,165.5,472,161.6,473,164.2,475,161.6,478,164.2,478,162.9,479,155.2,479,152.6,478,148.8,478,55.2,478,29.5,478,24.4,478,24.4,478,21.8,478,12.8,479,9,479,7.7,479,5.1,479,1.3,479,1.3,480,1.3,480,1.3,481,3.8,481,3.8,481,3.8,481,3.8,481,3.8,481,3.8,481,3.8,482,3.8,482,3.8,482,3.8,483,5.1,483,5.1,483,3.8,483,3.8,483,2.6,483,2.6,NaN,NaN,NaN,NaN,483,2.6,483,2.6,483,2.6,483,1.3,483,1.3,483,1.3,483,0,486,3.8,486,3.8,486,3.8,486,3.8,486,3.8,486,NaN,486,NaN,486,3.8,486,3.8,486,3.8,486,3.8,485,2.6,486,3.8,486,3.8,486,0,486,0,487,1.3,487,1.3,487,1.3,487,1.3,487,1.3,487,1.3,487,1.3,487,1.3,487,1.3,488,3.8,488,2.6,491,6.4,492,7.7,497,14.1,497,12.8,500,16.7,523,46.2,550,80.8,557,89.8,572,109,582,121.9,NaN,NaN,offaly
roscommon,64544,NaN,NaN,NaN,NaN,NaN,NaN,NaN,NaN,NaN,NaN,NaN,NaN,NaN,NaN,NaN,NaN,NaN,NaN,NaN,NaN,NaN,NaN,NaN,NaN,NaN,NaN,NaN,NaN,NaN,NaN,NaN,NaN,NaN,NaN,NaN,NaN,NaN,NaN,NaN,NaN,NaN,NaN,NaN,NaN,NaN,NaN,NaN,NaN,NaN,NaN,NaN,NaN,NaN,NaN,NaN,NaN,NaN,NaN,NaN,NaN,NaN,NaN,NaN,NaN,NaN,NaN,NaN,NaN,NaN,NaN,NaN,NaN,NaN,NaN,NaN,NaN,NaN,NaN,NaN,NaN,NaN,NaN,NaN,NaN,NaN,NaN,NaN,NaN,NaN,? 5,NaN,? 5,NaN,? 5,NaN,?5,NaN,?5,NaN,3,NaN,3,NaN,3,NaN,5,NaN,7,NaN,8,NaN,10,NaN,10,NaN,10,NaN,10,NaN,10,NaN,13,NaN,13,NaN,15,NaN,18,23.2,22,29.4,22,29.4,22,26.3,26,29.4,27,29.4,31,32.5,39,44.9,48,58.9,50,62,57,72.8,61,74.4,74,94.5,76,94.5,91,113.1,91,106.9,91,106.9,92,108.5,111,131.7,114,134.8,116,131.7,135,148.7,141,144.1,148,151.8,150,144.1,151,139.4,160,133.2,174,151.8,174,128.6,181,139.4,212,187.5,221,199.9,228,181.3,234,185.9,235,184.4,247,173.5,297,241.7,298,232.4,298,229.3,299,229.3,300,216.9,301,196.8,304,201.4,307,195.2,308,148.7,310,137.9,312,130.1,314,123.9,318,128.6,319,111.6,319,34.1,319,32.5,320,34.1,320,32.5,321,32.5,333,49.6,333,44.9,335,43.4,336,43.4,337,41.8,337,38.7,337,35.6,337,29.4,337,27.9,338,29.4,338,29.4,340,31,341,32.5,341,31,342,13.9,342,13.9,342,10.8,343,10.8,344,10.8,344,10.8,344,10.8,344,10.8,344,10.8,345,10.8,345,10.8,345,7.7,345,6.2,NaN,NaN,NaN,NaN,345,4.6,345,4.6,345,3.1,345,1.5,345,1.5,346,3.1,346,3.1,346,3.1,346,1.5,346,1.5,346,1.5,346,1.5,346,NaN,346,NaN,346,1.5,346,1.5,346,1.5,346,1.5,346,1.5,346,0,346,0,346,0,346,0,346,0,346,0,346,0,346,0,346,0,346,0,346,0,346,0,346,0,346,0,346,0,346,0,346,0,346,0,346,0,346,0,346,0,346,0,347,1.5,347,1.5,NaN,NaN,NaN,NaN,roscommon
sligo,65535,NaN,NaN,NaN,NaN,NaN,NaN,NaN,NaN,NaN,NaN,NaN,NaN,NaN,NaN,NaN,NaN,NaN,NaN,NaN,NaN,NaN,NaN,NaN,NaN,NaN,NaN,NaN,NaN,NaN,NaN,NaN,NaN,NaN,NaN,NaN,NaN,NaN,NaN,NaN,NaN,NaN,NaN,NaN,NaN,NaN,NaN,NaN,NaN,NaN,NaN,NaN,NaN,NaN,NaN,NaN,NaN,NaN,NaN,NaN,NaN,NaN,NaN,NaN,NaN,NaN,NaN,NaN,NaN,NaN,NaN,NaN,NaN,NaN,NaN,NaN,NaN,NaN,NaN,NaN,NaN,NaN,NaN,NaN,NaN,NaN,NaN,NaN,NaN,NaN,? 5,NaN,? 5,NaN,? 5,NaN,?5,NaN,?5,NaN,8,NaN,8,NaN,8,NaN,8,NaN,8,NaN,10,NaN,12,NaN,19,NaN,19,NaN,22,NaN,25,NaN,26,NaN,27,NaN,28,NaN,28,30.5,28,30.5,28,30.5,28,30.5,31,35.1,39,44.3,45,50.4,45,39.7,52,50.4,62,61,66,62.6,69,65.6,70,65.6,76,73.2,78,76.3,93,99.2,97,105.3,98,106.8,105,112.9,104,99.2,104,90,114,105.3,117,99.2,116,82.4,116,76.3,116,71.7,118,73.2,117,62.6,119,62.6,120,41.2,121,36.6,122,36.6,116,16.8,116,18.3,116,18.3,123,13.7,127,15.3,128,18.3,128,18.3,128,18.3,129,16.8,129,18.3,129,15.3,129,13.7,129,12.2,129,10.7,129,19.8,129,19.8,129,19.8,129,9.2,129,3.1,129,1.5,129,1.5,129,1.5,129,0,129,0,129,0,129,0,129,0,129,0,129,0,128,-1.5,128,-1.5,128,-1.5,128,-1.5,128,-1.5,128,-1.5,128,-1.5,128,-1.5,128,-1.5,128,-1.5,129,0,129,0,129,0,129,0,125,-4.6,125,-4.6,125,-4.6,125,-4.6,125,-4.6,125,-4.6,125,-4.6,NaN,NaN,NaN,NaN,128,0,138,13.7,141,18.3,141,18.3,141,18.3,141,24.4,141,24.4,145,30.5,146,32,146,32,146,32,147,33.6,148,NaN,148,NaN,148,30.5,148,15.3,148,10.7,148,10.7,148,10.7,148,10.7,148,10.7,148,4.6,148,3.1,148,3.1,148,3.1,148,1.5,148,0,148,0,148,0,149,1.5,149,1.5,149,1.5,149,1.5,149,1.5,149,1.5,149,1.5,150,3.1,151,4.6,153,7.6,153,7.6,153,7.6,153,7.6,153,7.6,NaN,NaN,NaN,NaN,sligo
tipperary,159553,NaN,NaN,NaN,NaN,NaN,NaN,NaN,NaN,NaN,NaN,NaN,NaN,NaN,NaN,NaN,NaN,NaN,NaN,NaN,NaN,NaN,NaN,NaN,NaN,NaN,NaN,NaN,NaN,NaN,NaN,NaN,NaN,NaN,NaN,NaN,NaN,NaN,NaN,NaN,NaN,NaN,NaN,NaN,NaN,NaN,NaN,NaN,NaN,NaN,NaN,NaN,NaN,NaN,NaN,NaN,NaN,NaN,NaN,NaN,NaN,NaN,NaN,NaN,NaN,NaN,NaN,NaN,NaN,NaN,NaN,NaN,NaN,NaN,NaN,NaN,NaN,NaN,NaN,NaN,NaN,NaN,NaN,NaN,NaN,NaN,NaN,NaN,NaN,NaN,? 5,NaN,? 5,NaN,? 5,NaN,?5,NaN,8,NaN,20,NaN,20,NaN,20,NaN,27,NaN,34,NaN,44,NaN,53,NaN,62,NaN,71,NaN,85,NaN,91,NaN,94,NaN,105,NaN,118,NaN,125,65.8,133,70.8,137,73.3,140,70.8,151,73.3,166,76.5,175,76.5,200,86.5,219,92.8,237,95.3,251,100.3,270,110.3,283,111.6,292,109.1,300,109.7,306,108.4,320,114.7,327,117.2,343,120.3,345,112.2,346,107.2,364,102.8,370,94.6,389,95.3,415,102.8,468,124.1,473,119.1,478,116.6,479,112.2,486,112.8,501,113.4,506,112.2,512,105.9,515,106.5,517,107.2,523,99.7,524,96.5,524,84.6,524,68.3,516,30.1,521,30.1,523,28.2,524,28.2,525,24.4,528,16.9,529,14.4,529,10.7,528,8.1,528,6.9,528,3.1,528,2.5,528,2.5,528,2.5,528,7.5,527,3.8,529,3.8,530,3.8,538,8.1,539,6.9,540,6.9,540,6.9,540,7.5,540,7.5,540,7.5,540,7.5,540,7.5,541,8.1,541,8.1,541,8.8,541,7.5,541,6.9,541,1.9,541,1.3,541,0.6,541,0.6,541,0.6,541,0.6,541,0.6,541,0.6,543,1.9,543,1.3,543,1.3,NaN,NaN,NaN,NaN,543,1.3,543,1.3,543,1.3,543,1.3,543,1.3,542,0.6,542,0.6,542,0.6,542,0.6,543,0,543,0,543,0,543,NaN,543,NaN,543,0,543,0,543,0,543,0,543,0,543,0.6,543,0.6,543,0.6,543,0.6,543,0,543,0,543,0,543,0,544,0.6,544,0.6,544,0.6,544,0.6,544,0.6,545,1.3,545,1.3,545,1.3,545,1.3,545,1.3,545,1.3,546,1.9,546,1.9,546,1.9,547,1.9,546,1.3,NaN,NaN,NaN,NaN,tipperary
waterford,116176,NaN,NaN,NaN,NaN,NaN,NaN,NaN,NaN,NaN,NaN,NaN,NaN,NaN,NaN,NaN,NaN,NaN,NaN,NaN,NaN,NaN,NaN,NaN,NaN,NaN,NaN,NaN,NaN,NaN,NaN,NaN,NaN,NaN,NaN,NaN,NaN,NaN,NaN,NaN,NaN,NaN,NaN,NaN,NaN,NaN,NaN,NaN,NaN,NaN,NaN,NaN,NaN,NaN,NaN,NaN,NaN,NaN,NaN,NaN,NaN,NaN,NaN,NaN,NaN,NaN,NaN,NaN,NaN,NaN,NaN,NaN,NaN,NaN,NaN,NaN,NaN,NaN,NaN,NaN,NaN,NaN,NaN,NaN,NaN,NaN,NaN,NaN,NaN,NaN,7,NaN,7,NaN,7,NaN,8,NaN,9,NaN,9,NaN,13,NaN,15,NaN,22,NaN,25,NaN,29,NaN,31,NaN,34,NaN,33,NaN,37,NaN,38,NaN,43,NaN,43,NaN,46,NaN,49,34.4,49,31,52,31.8,56,29.3,60,30.1,63,29.3,67,31,73,33.6,81,41.3,90,45.6,101,54.2,102,50.8,110,57.7,112,56.8,113,55.1,117,58.5,119,57.7,122,56.8,122,53.4,129,56.8,135,58.5,137,55.1,138,49.1,137,40.5,137,31,138,31,138,24.1,139,23.2,140,23.2,139,18.9,139,17.2,140,15.5,140,15.5,143,12.1,143,6.9,143,5.2,143,4.3,144,6,144,6,144,5.2,144,5.2,146,6,147,6,147,6.9,148,7.7,148,6.9,148,6.9,149,5.2,151,6.9,151,6.9,151,6.9,151,6,151,6,152,6.9,152,6.9,152,5.2,153,5.2,153,5.2,152,3.4,152,3.4,154,5.2,154,4.3,154,2.6,154,2.6,154,2.6,154,2.6,154,2.6,154,1.7,154,1.7,154,1.7,154,0.9,154,0.9,154,1.7,155,2.6,155,0.9,155,0.9,155,0.9,155,0.9,155,0.9,156,1.7,156,1.7,156,1.7,NaN,NaN,NaN,NaN,157,2.6,157,2.6,158,3.4,158,2.6,158,2.6,158,2.6,158,2.6,158,2.6,158,2.6,160,3.4,160,3.4,165,7.7,165,NaN,165,NaN,165,6.9,165,6.9,166,6.9,166,6.9,166,6.9,166,6.9,166,6.9,166,6.9,166,6.9,166,5.2,166,5.2,166,0.9,166,0.9,166,0.9,166,0.9,166,0.9,166,0,166,0,166,0,166,0,166,0,166,0,166,0,166,0,166,0,166,0,166,0,166,0,166,0,NaN,NaN,NaN,NaN,waterford
westmeath,88770,NaN,NaN,NaN,NaN,NaN,NaN,NaN,NaN,NaN,NaN,NaN,NaN,NaN,NaN,NaN,NaN,NaN,NaN,NaN,NaN,NaN,NaN,NaN,NaN,NaN,NaN,NaN,NaN,NaN,NaN,NaN,NaN,NaN,NaN,NaN,NaN,NaN,NaN,NaN,NaN,NaN,NaN,NaN,NaN,NaN,NaN,NaN,NaN,NaN,NaN,NaN,NaN,NaN,NaN,NaN,NaN,NaN,NaN,NaN,NaN,NaN,NaN,NaN,NaN,NaN,NaN,NaN,NaN,NaN,NaN,NaN,NaN,NaN,NaN,NaN,NaN,NaN,NaN,NaN,NaN,NaN,NaN,NaN,NaN,NaN,NaN,NaN,NaN,NaN,7,NaN,7,NaN,12,NaN,14,NaN,16,NaN,20,NaN,21,NaN,25,NaN,29,NaN,39,NaN,52,NaN,67,NaN,70,NaN,77,NaN,80,NaN,81,NaN,86,NaN,92,NaN,94,NaN,107,98,121,112.7,134,122.8,142,127.3,152,127.3,181,145.3,192,140.8,213,161.1,234,176.9,258,200.5,309,256.8,318,261.3,332,270.4,358,297.4,369,295.1,377,288.4,386,283.9,395,285,409,289.5,421,270.4,437,276,446,262.5,448,241.1,461,228.7,474,185.9,487,190.4,500,189.3,509,170.1,540,192.6,547,191.5,554,189.3,627,261.3,633,252.3,640,246.7,641,229.8,643,221.9,643,219.7,645,207.3,648,196,652,185.9,654,173.5,655,164.5,654,128.4,656,122.8,658,117.2,658,34.9,661,31.5,661,23.7,663,24.8,663,22.5,663,22.5,664,21.4,665,19.2,667,16.9,667,14.6,668,14.6,669,16.9,670,15.8,670,13.5,670,13.5,671,11.3,671,11.3,671,9,671,9,671,9,671,7.9,671,6.8,670,3.4,670,3.4,670,2.3,670,1.1,670,0,670,0,670,0,670,-1.1,670,-1.1,672,1.1,672,1.1,672,1.1,672,1.1,672,1.1,672,2.3,NaN,NaN,NaN,NaN,672,2.3,672,2.3,672,2.3,672,2.3,673,3.4,674,4.5,674,2.3,674,2.3,674,2.3,674,2.3,676,4.5,676,4.5,676,NaN,676,NaN,676,4.5,676,4.5,676,4.5,676,4.5,676,3.4,677,3.4,677,3.4,677,3.4,676,2.3,676,2.3,677,1.1,677,1.1,677,1.1,677,1.1,677,1.1,677,1.1,678,2.3,679,3.4,680,4.5,680,3.4,680,3.4,680,3.4,681,5.6,681,5.6,681,4.5,681,4.5,682,5.6,682,5.6,682,5.6,NaN,NaN,NaN,NaN,westmeath
wexford,149722,NaN,NaN,NaN,NaN,NaN,NaN,NaN,NaN,NaN,NaN,NaN,NaN,NaN,NaN,NaN,NaN,NaN,NaN,NaN,NaN,NaN,NaN,NaN,NaN,NaN,NaN,NaN,NaN,NaN,NaN,NaN,NaN,NaN,NaN,NaN,NaN,NaN,NaN,NaN,NaN,NaN,NaN,NaN,NaN,NaN,NaN,NaN,NaN,NaN,NaN,NaN,NaN,NaN,NaN,NaN,NaN,NaN,NaN,NaN,NaN,NaN,NaN,NaN,NaN,NaN,NaN,NaN,NaN,NaN,NaN,NaN,NaN,NaN,NaN,NaN,NaN,NaN,NaN,NaN,NaN,NaN,NaN,NaN,NaN,NaN,NaN,NaN,NaN,NaN,? 5,NaN,? 5,NaN,? 5,NaN,?5,NaN,?5,NaN,3,NaN,7,NaN,7,NaN,8,NaN,9,NaN,10,NaN,12,NaN,12,NaN,15,NaN,15,NaN,16,NaN,18,NaN,20,NaN,21,NaN,21,12,22,10,24,11.4,26,12,30,14,39,19.4,43,20.7,52,26.7,56,27.4,61,30.7,71,36.7,76,38.7,85,43.4,98,51.4,100,52.8,114,61.4,137,75.5,137,74.1,143,75.5,151,74.8,156,75.5,162,73.5,162,70.8,162,67.5,167,64.1,179,68.8,183,65.5,185,58.1,185,56.8,184,46.8,184,31.4,190,35.4,190,31.4,194,28.7,199,28.7,202,26.7,202,26.7,206,29.4,208,27.4,208,19.4,211,18.7,212,18,212,18,212,18.7,217,22,217,18,217,18,217,15.4,217,12,217,10,217,10,216,6.7,216,5.3,216,5.3,216,3.3,216,2.7,216,2.7,213,0.7,213,-2.7,213,-2.7,213,-2.7,214,-2,214,-2,216,-0.7,216,-0.7,216,0,216,0,216,0,216,0,216,0,216,0,216,2,216,2,216,2,216,2,216,1.3,216,1.3,216,0,216,0,216,0,217,0.7,217,0.7,NaN,NaN,NaN,NaN,217,0.7,217,0.7,217,0.7,217,0.7,217,0.7,217,0.7,217,0.7,218,1.3,218,1.3,218,1.3,218,0.7,218,0.7,218,NaN,221,NaN,221,2.7,221,2.7,221,2.7,222,3.3,223,4,223,4,223,4,223,3.3,223,3.3,223,3.3,223,3.3,223,3.3,223,3.3,223,1.3,223,1.3,223,1.3,223,1.3,223,0.7,224,0.7,224,0.7,224,0.7,224,0.7,224,0.7,224,0.7,235,8,237,9.4,243,13.4,244,14,244,14,NaN,NaN,NaN,NaN,wexford
wicklow,142425,NaN,NaN,NaN,NaN,NaN,NaN,NaN,NaN,NaN,NaN,NaN,NaN,NaN,NaN,NaN,NaN,NaN,NaN,NaN,NaN,NaN,NaN,NaN,NaN,NaN,NaN,NaN,NaN,NaN,NaN,NaN,NaN,NaN,NaN,NaN,NaN,NaN,NaN,NaN,NaN,NaN,NaN,NaN,NaN,NaN,NaN,NaN,NaN,NaN,NaN,NaN,NaN,NaN,NaN,NaN,NaN,NaN,NaN,NaN,NaN,NaN,NaN,NaN,NaN,NaN,NaN,NaN,NaN,NaN,NaN,NaN,NaN,NaN,NaN,NaN,NaN,NaN,NaN,NaN,NaN,NaN,NaN,NaN,NaN,NaN,NaN,NaN,NaN,NaN,9,NaN,13,NaN,15,NaN,17,NaN,22,NaN,22,NaN,28,NaN,39,NaN,49,NaN,52,NaN,58,NaN,65,NaN,69,NaN,73,NaN,77,NaN,84,NaN,105,NaN,112,NaN,132,NaN,142,84.3,171,100.4,181,99.7,207,110.9,237,129.9,246,132,263,139,272,142.5,317,171.3,342,186.1,375,204.3,384,195.9,391,195.9,437,214.1,444,212,446,193.1,463,198,469,184,506,188.9,558,219.1,561,209.2,557,200.1,558,169.2,564,155.9,589,150.3,599,151,604,149.6,618,127.1,622,125,625,125.7,628,115.9,633,115.1,636,91.3,637,55.5,643,57.6,646,62.5,649,63.9,647,58.3,651,43.5,652,37.2,657,37.2,656,26.7,657,24.6,659,23.9,657,20.4,657,16.9,657,14.7,659,15.4,661,12.6,661,10.5,663,9.8,663,11.2,663,8.4,663,7.7,663,4.2,663,4.9,663,4.2,667,5.6,667,7,668,7.7,668,7.7,668,6.3,670,6.3,670,6.3,670,4.9,670,4.9,670,4.9,670,4.9,670,4.9,670,4.9,672,6.3,672,3.5,672,3.5,672,2.8,672,2.8,672,2.8,673,2.1,674,2.8,681,7.7,697,19,697,19,697,19,NaN,NaN,NaN,NaN,701,20.4,701,20.4,701,20.4,699,19,699,19,699,19,699,18.3,699,17.6,699,12.6,698,0.7,699,1.4,700,2.1,702,NaN,705,NaN,707,4.2,708,4.9,709,5.6,709,7,709,7,710,7.7,710,7.7,710,7.7,710,7.7,711,9.1,712,9.1,712,8.4,712,7,712,4.9,713,4.2,713,3.5,713,2.8,713,2.8,712,2.1,712,1.4,712,1.4,712,1.4,712,1.4,712,0.7,713,0.7,713,0.7,715,2.1,716,2.8,716,2.1,NaN,NaN,NaN,NaN,wicklow
calc_published_hspc_26_county_cases,4761865,NaN,NaN,NaN,NaN,NaN,NaN,NaN,NaN,NaN,NaN,NaN,NaN,NaN,NaN,NaN,NaN,NaN,NaN,NaN,NaN,NaN,NaN,NaN,NaN,NaN,NaN,NaN,NaN,NaN,NaN,NaN,NaN,NaN,NaN,NaN,NaN,NaN,NaN,NaN,NaN,NaN,NaN,NaN,NaN,NaN,NaN,NaN,NaN,NaN,NaN,NaN,NaN,NaN,NaN,NaN,NaN,NaN,NaN,NaN,NaN,NaN,NaN,NaN,NaN,NaN,NaN,NaN,NaN,NaN,NaN,NaN,NaN,NaN,NaN,NaN,NaN,NaN,NaN,NaN,NaN,NaN,NaN,NaN,NaN,NaN,NaN,NaN,NaN,NaN,NaN,NaN,NaN,NaN,NaN,NaN,NaN,NaN,NaN,NaN,841,NaN,969,NaN,1165,NaN,1382,NaN,1639,NaN,1904,NaN,2214,NaN,2474,NaN,2676,NaN,2989,NaN,3281,NaN,3654,NaN,4014,NaN,4443,NaN,4916,85.6,5593,97.1,5981,101.1,6444,106.3,7071,114.1,7787,123.5,8496,131.9,9484,147.2,10385,161.9,11261,173.7,12425,192,13012,196.5,13746,204.4,14612,213.6,15185,215.7,15464,207.3,15871,207.7,16439,209.9,17420,217.3,17975,213.9,18431,208.6,19095,201.8,19383,189,19723,177.7,20111,161.4,20510,157.5,20742,146.9,21064,135.5,21437,131.3,21659,130.1,21908,126.8,22186,120.7,22301,102.5,22495,94.9,22671,89,22894,79.8,23089,77.8,23144,71.8,23259,66.1,23627,65.5,23879,65.9,23953,60.7,24036,54.6,24176,52.9,24204,48.2,24274,43.8,24351,43.1,24451,41.1,24569,39.9,24593,35.7,24629,32.3,24730,33.3,24795,32.3,24837,25.4,24870,20.8,24924,20.4,24985,19.9,25056,18.5,25064,18.1,25104,17.4,25135,16.5,25159,14.9,25176,12.7,25198,12.7,25206,12.1,25212,10.1,25230,9.1,25237,8.4,25249,8,25295,7.8,25303,6.7,25320,5.5,25333,5.6,25339,4.9,25355,4.6,25352,4.1,25373,4.1,25379,3.8,25381,3.7,25391,3.8,25394,3.4,25403,3.5,25414,3.5,25436,3,25438,2.8,25462,3,25471,2.9,25474,2.8,25489,2.8,25498,3.1,25509,2.9,25527,3.1,25514,2.8,25531,2.9,25543,3.1,25564,3.4,25588,3.7,25611,3.7,25627,4,25638,3.7,25669,4.2,25677,4.3,25696,4.3,25730,4.9,25751,5.1,25760,4.9,25766,5.3,25802,5.7,25819,5.8,25825,5.5,25845,5.4,25869,5.4,25881,5.3,25890,5.3,25928,5.4,25942,5.6,26027,7,26064,7,26109,7.5,26162,8.4,26209,9.3,26255,9.5,26303,10.2,26372,11.5,26469,13.1,26644,16.3,26711,17.4,26768,18.4,NaN,NaN,calc_published_hspc_26_county_cases
calc_current_previous_day_cases,NaN,NaN,NaN,NaN,NaN,NaN,NaN,NaN,NaN,NaN,NaN,NaN,NaN,NaN,NaN,NaN,NaN,NaN,NaN,NaN,NaN,NaN,NaN,NaN,NaN,NaN,NaN,NaN,NaN,NaN,NaN,NaN,NaN,NaN,NaN,NaN,NaN,NaN,NaN,NaN,NaN,NaN,NaN,NaN,NaN,NaN,NaN,NaN,NaN,NaN,NaN,NaN,NaN,NaN,NaN,NaN,NaN,NaN,NaN,NaN,NaN,NaN,NaN,NaN,NaN,NaN,NaN,NaN,NaN,NaN,NaN,NaN,NaN,NaN,NaN,NaN,NaN,NaN,NaN,NaN,NaN,NaN,NaN,NaN,NaN,NaN,NaN,NaN,NaN,NaN,NaN,NaN,NaN,NaN,NaN,NaN,NaN,NaN,NaN,NaN,NaN,NaN,128,NaN,196,NaN,217,NaN,257,NaN,265,NaN,310,NaN,260,NaN,202,NaN,313,NaN,292,NaN,373,NaN,360,NaN,429,NaN,473,NaN,677,NaN,388,NaN,463,NaN,627,NaN,716,NaN,709,NaN,988,NaN,901,NaN,876,NaN,1164,NaN,587,NaN,734,NaN,866,NaN,573,NaN,279,NaN,407,NaN,568,NaN,981,NaN,555,NaN,456,NaN,664,NaN,288,NaN,340,NaN,388,NaN,399,NaN,232,NaN,322,NaN,373,NaN,222,NaN,249,NaN,278,NaN,115,NaN,194,NaN,176,NaN,223,NaN,195,NaN,55,NaN,115,NaN,368,NaN,252,NaN,74,NaN,83,NaN,140,NaN,28,NaN,70,NaN,77,NaN,100,NaN,118,NaN,24,NaN,36,NaN,101,NaN,65,NaN,42,NaN,33,NaN,54,NaN,61,NaN,71,NaN,8,NaN,40,NaN,31,NaN,24,NaN,17,NaN,22,NaN,8,NaN,6,NaN,18,NaN,7,NaN,12,NaN,46,NaN,8,NaN,17,NaN,13,NaN,6,NaN,16,NaN,-3,NaN,21,NaN,6,NaN,2,NaN,10,NaN,3,NaN,9,NaN,11,NaN,22,NaN,2,NaN,24,NaN,9,NaN,3,NaN,15,NaN,9,NaN,11,NaN,18,NaN,-13,NaN,17,NaN,12,NaN,21,NaN,24,NaN,23,NaN,16,NaN,11,NaN,31,NaN,8,NaN,19,NaN,34,NaN,21,NaN,9,NaN,6,NaN,36,NaN,17,NaN,6,NaN,20,NaN,24,NaN,12,NaN,9,NaN,38,NaN,14,NaN,85,NaN,37,NaN,45,NaN,53,NaN,47,NaN,46,NaN,48,NaN,69,NaN,97,NaN,175,NaN,67,NaN,NaN,NaN,NaN,NaN,calc_current_previous_day_cases
calc_5-day_average_cases,NaN,NaN,NaN,NaN,NaN,NaN,NaN,NaN,NaN,NaN,NaN,NaN,NaN,NaN,NaN,NaN,NaN,NaN,NaN,NaN,NaN,NaN,NaN,NaN,NaN,NaN,NaN,NaN,NaN,NaN,NaN,NaN,NaN,NaN,NaN,NaN,NaN,NaN,NaN,NaN,NaN,NaN,NaN,NaN,NaN,NaN,NaN,NaN,NaN,NaN,NaN,NaN,NaN,NaN,NaN,NaN,NaN,NaN,NaN,NaN,NaN,NaN,NaN,NaN,NaN,NaN,NaN,NaN,NaN,NaN,NaN,NaN,NaN,NaN,NaN,NaN,NaN,NaN,NaN,NaN,NaN,NaN,NaN,NaN,NaN,NaN,NaN,NaN,NaN,NaN,NaN,NaN,NaN,NaN,NaN,NaN,NaN,NaN,NaN,NaN,NaN,NaN,NaN,NaN,NaN,NaN,NaN,NaN,NaN,NaN,NaN,NaN,NaN,NaN,262,NaN,259,NaN,270,NaN,275,NaN,288,NaN,308,NaN,353,NaN,385,NaN,462,NaN,465,NaN,486,NaN,526,NaN,574,NaN,581,NaN,701,NaN,788,NaN,838,NaN,928,NaN,903,NaN,852,NaN,845,NaN,785,NaN,608,NaN,572,NaN,539,NaN,562,NaN,558,NaN,593,NaN,645,NaN,589,NaN,461,NaN,427,NaN,416,NaN,329,NaN,336,NaN,343,NaN,310,NaN,280,NaN,289,NaN,247,NaN,212,NaN,202,NaN,197,NaN,181,NaN,169,NaN,153,NaN,191,NaN,197,NaN,173,NaN,178,NaN,183,NaN,115,NaN,79,NaN,80,NaN,83,NaN,79,NaN,78,NaN,71,NaN,76,NaN,69,NaN,54,NaN,55,NaN,59,NaN,51,NaN,52,NaN,45,NaN,47,NaN,42,NaN,35,NaN,24,NaN,27,NaN,20,NaN,15,NaN,14,NaN,12,NaN,10,NaN,18,NaN,18,NaN,18,NaN,19,NaN,18,NaN,12,NaN,10,NaN,11,NaN,9,NaN,8,NaN,7,NaN,8,NaN,6,NaN,7,NaN,11,NaN,9,NaN,14,NaN,14,NaN,12,NaN,11,NaN,12,NaN,9,NaN,11,NaN,8,NaN,8,NaN,9,NaN,11,NaN,12,NaN,19,NaN,19,NaN,19,NaN,21,NaN,18,NaN,17,NaN,21,NaN,23,NaN,18,NaN,18,NaN,21,NaN,18,NaN,15,NaN,17,NaN,21,NaN,16,NaN,14,NaN,21,NaN,19,NaN,32,NaN,37,NaN,44,NaN,47,NaN,53,NaN,46,NaN,48,NaN,53,NaN,61,NaN,87,NaN,91,NaN,NaN,NaN,NaN,NaN,calc_5-day_average_cases
calc_7-day_average_cases,NaN,NaN,NaN,NaN,NaN,NaN,NaN,NaN,NaN,NaN,NaN,NaN,NaN,NaN,NaN,NaN,NaN,NaN,NaN,NaN,NaN,NaN,NaN,NaN,NaN,NaN,NaN,NaN,NaN,NaN,NaN,NaN,NaN,NaN,NaN,NaN,NaN,NaN,NaN,NaN,NaN,NaN,NaN,NaN,NaN,NaN,NaN,NaN,NaN,NaN,NaN,NaN,NaN,NaN,NaN,NaN,NaN,NaN,NaN,NaN,NaN,NaN,NaN,NaN,NaN,NaN,NaN,NaN,NaN,NaN,NaN,NaN,NaN,NaN,NaN,NaN,NaN,NaN,NaN,NaN,NaN,NaN,NaN,NaN,NaN,NaN,NaN,NaN,NaN,NaN,NaN,NaN,NaN,NaN,NaN,NaN,NaN,NaN,NaN,NaN,NaN,NaN,NaN,NaN,NaN,NaN,NaN,NaN,NaN,NaN,NaN,NaN,NaN,NaN,NaN,NaN,244,NaN,261,NaN,271,NaN,288,NaN,301,NaN,318,NaN,349,NaN,417,NaN,427,NaN,452,NaN,488,NaN,539,NaN,579,NaN,653,NaN,685,NaN,754,NaN,854,NaN,849,NaN,851,NaN,874,NaN,814,NaN,726,NaN,659,NaN,573,NaN,630,NaN,604,NaN,546,NaN,559,NaN,560,NaN,550,NaN,525,NaN,441,NaN,395,NaN,376,NaN,335,NaN,325,NaN,312,NaN,296,NaN,256,NaN,250,NaN,230,NaN,208,NaN,204,NaN,177,NaN,153,NaN,189,NaN,198,NaN,183,NaN,163,NaN,155,NaN,151,NaN,145,NaN,103,NaN,82,NaN,88,NaN,80,NaN,65,NaN,75,NaN,74,NaN,69,NaN,60,NaN,51,NaN,56,NaN,61,NaN,48,NaN,44,NaN,43,NaN,41,NaN,36,NaN,30,NaN,21,NaN,21,NaN,18,NaN,15,NaN,13,NaN,17,NaN,15,NaN,16,NaN,17,NaN,16,NaN,17,NaN,15,NaN,11,NaN,11,NaN,9,NaN,8,NaN,8,NaN,7,NaN,9,NaN,9,NaN,8,NaN,12,NaN,11,NaN,11,NaN,12,NaN,12,NaN,10,NaN,13,NaN,7,NaN,9,NaN,10,NaN,11,NaN,13,NaN,15,NaN,14,NaN,18,NaN,20,NaN,19,NaN,19,NaN,20,NaN,20,NaN,19,NaN,18,NaN,19,NaN,20,NaN,18,NaN,16,NaN,17,NaN,17,NaN,18,NaN,18,NaN,18,NaN,29,NaN,31,NaN,34,NaN,40,NaN,46,NaN,47,NaN,52,NaN,49,NaN,58,NaN,76,NaN,78,NaN,NaN,NaN,NaN,NaN,calc_7-day_average_cases
calc_14-day_average_cases,NaN,NaN,NaN,NaN,NaN,NaN,NaN,NaN,NaN,NaN,NaN,NaN,NaN,NaN,NaN,NaN,NaN,NaN,NaN,NaN,NaN,NaN,NaN,NaN,NaN,NaN,NaN,NaN,NaN,NaN,NaN,NaN,NaN,NaN,NaN,NaN,NaN,NaN,NaN,NaN,NaN,NaN,NaN,NaN,NaN,NaN,NaN,NaN,NaN,NaN,NaN,NaN,NaN,NaN,NaN,NaN,NaN,NaN,NaN,NaN,NaN,NaN,NaN,NaN,NaN,NaN,NaN,NaN,NaN,NaN,NaN,NaN,NaN,NaN,NaN,NaN,NaN,NaN,NaN,NaN,NaN,NaN,NaN,NaN,NaN,NaN,NaN,NaN,NaN,NaN,NaN,NaN,NaN,NaN,NaN,NaN,NaN,NaN,NaN,NaN,NaN,NaN,NaN,NaN,NaN,NaN,NaN,NaN,NaN,NaN,NaN,NaN,NaN,NaN,NaN,NaN,NaN,NaN,NaN,NaN,NaN,NaN,NaN,NaN,NaN,NaN,NaN,NaN,NaN,NaN,330,NaN,344,NaN,362,NaN,388,NaN,420,NaN,449,NaN,501,NaN,551,NaN,591,NaN,653,NaN,668,NaN,695,NaN,726,NaN,734,NaN,705,NaN,706,NaN,714,NaN,739,NaN,728,NaN,710,NaN,687,NaN,643,NaN,604,NaN,549,NaN,536,NaN,500,NaN,461,NaN,447,NaN,443,NaN,431,NaN,411,NaN,349,NaN,323,NaN,303,NaN,271,NaN,265,NaN,244,NaN,225,NaN,223,NaN,224,NaN,206,NaN,186,NaN,180,NaN,164,NaN,149,NaN,146,NaN,140,NaN,136,NaN,121,NaN,110,NaN,113,NaN,110,NaN,86,NaN,71,NaN,69,NaN,68,NaN,63,NaN,61,NaN,59,NaN,56,NaN,51,NaN,43,NaN,43,NaN,41,NaN,34,NaN,31,NaN,29,NaN,27,NaN,27,NaN,23,NaN,19,NaN,19,NaN,17,NaN,16,NaN,14,NaN,14,NaN,13,NaN,13,NaN,13,NaN,12,NaN,12,NaN,12,NaN,10,NaN,10,NaN,10,NaN,10,NaN,10,NaN,10,NaN,10,NaN,10,NaN,11,NaN,10,NaN,10,NaN,11,NaN,12,NaN,12,NaN,13,NaN,14,NaN,13,NaN,14,NaN,15,NaN,15,NaN,17,NaN,17,NaN,17,NaN,18,NaN,19,NaN,20,NaN,19,NaN,18,NaN,18,NaN,18,NaN,18,NaN,19,NaN,19,NaN,24,NaN,24,NaN,26,NaN,29,NaN,32,NaN,32,NaN,35,NaN,39,NaN,45,NaN,55,NaN,59,NaN,NaN,NaN,NaN,NaN,calc_14-day_average_cases
total_calc_5-day_cases,NaN,NaN,NaN,NaN,NaN,NaN,NaN,NaN,NaN,NaN,NaN,NaN,NaN,NaN,NaN,NaN,NaN,NaN,NaN,NaN,NaN,NaN,NaN,NaN,NaN,NaN,NaN,NaN,NaN,NaN,NaN,NaN,NaN,NaN,NaN,NaN,NaN,NaN,NaN,NaN,NaN,NaN,NaN,NaN,NaN,NaN,NaN,NaN,NaN,NaN,NaN,NaN,NaN,NaN,NaN,NaN,NaN,NaN,NaN,NaN,NaN,NaN,NaN,NaN,NaN,NaN,NaN,NaN,NaN,NaN,NaN,NaN,NaN,NaN,NaN,NaN,NaN,NaN,NaN,NaN,NaN,NaN,NaN,NaN,NaN,NaN,NaN,NaN,NaN,NaN,NaN,NaN,NaN,NaN,NaN,NaN,NaN,NaN,NaN,NaN,NaN,NaN,NaN,NaN,NaN,NaN,NaN,NaN,NaN,NaN,1063,NaN,1245,NaN,1309,NaN,1294,NaN,1350,NaN,1377,NaN,1440,NaN,1540,NaN,1767,NaN,1927,NaN,2312,NaN,2327,NaN,2430,NaN,2628,NaN,2871,NaN,2903,NaN,3503,NaN,3941,NaN,4190,NaN,4638,NaN,4516,NaN,4262,NaN,4227,NaN,3924,NaN,3039,NaN,2859,NaN,2693,NaN,2808,NaN,2790,NaN,2967,NaN,3224,NaN,2944,NaN,2303,NaN,2136,NaN,2079,NaN,1647,NaN,1681,NaN,1714,NaN,1548,NaN,1398,NaN,1444,NaN,1237,NaN,1058,NaN,1012,NaN,986,NaN,903,NaN,843,NaN,764,NaN,956,NaN,985,NaN,864,NaN,892,NaN,917,NaN,577,NaN,395,NaN,398,NaN,415,NaN,393,NaN,389,NaN,355,NaN,379,NaN,344,NaN,268,NaN,277,NaN,295,NaN,255,NaN,261,NaN,227,NaN,234,NaN,211,NaN,174,NaN,120,NaN,134,NaN,102,NaN,77,NaN,71,NaN,61,NaN,51,NaN,89,NaN,91,NaN,90,NaN,96,NaN,90,NaN,60,NaN,49,NaN,53,NaN,46,NaN,42,NaN,36,NaN,42,NaN,30,NaN,35,NaN,55,NaN,47,NaN,68,NaN,68,NaN,60,NaN,53,NaN,60,NaN,47,NaN,56,NaN,40,NaN,42,NaN,45,NaN,55,NaN,61,NaN,97,NaN,96,NaN,95,NaN,105,NaN,89,NaN,85,NaN,103,NaN,113,NaN,91,NaN,89,NaN,106,NaN,89,NaN,74,NaN,85,NaN,103,NaN,79,NaN,71,NaN,103,NaN,97,NaN,158,NaN,183,NaN,219,NaN,234,NaN,267,NaN,228,NaN,239,NaN,263,NaN,307,NaN,435,NaN,456,NaN,NaN,NaN,NaN,NaN,total_calc_5-day_cases
total_calc_7-day_cases,NaN,NaN,NaN,NaN,NaN,NaN,NaN,NaN,NaN,NaN,NaN,NaN,NaN,NaN,NaN,NaN,NaN,NaN,NaN,NaN,NaN,NaN,NaN,NaN,NaN,NaN,NaN,NaN,NaN,NaN,NaN,NaN,NaN,NaN,NaN,NaN,NaN,NaN,NaN,NaN,NaN,NaN,NaN,NaN,NaN,NaN,NaN,NaN,NaN,NaN,NaN,NaN,NaN,NaN,NaN,NaN,NaN,NaN,NaN,NaN,NaN,NaN,NaN,NaN,NaN,NaN,NaN,NaN,NaN,NaN,NaN,NaN,NaN,NaN,NaN,NaN,NaN,NaN,NaN,NaN,NaN,NaN,NaN,NaN,NaN,NaN,NaN,NaN,NaN,NaN,NaN,NaN,NaN,NaN,NaN,NaN,NaN,NaN,NaN,NaN,NaN,NaN,NaN,NaN,NaN,NaN,NaN,NaN,NaN,NaN,NaN,NaN,NaN,NaN,1633,NaN,1707,NaN,1824,NaN,1899,NaN,2015,NaN,2110,NaN,2229,NaN,2442,NaN,2917,NaN,2992,NaN,3163,NaN,3417,NaN,3773,NaN,4053,NaN,4568,NaN,4792,NaN,5280,NaN,5981,NaN,5941,NaN,5959,NaN,6116,NaN,5701,NaN,5079,NaN,4610,NaN,4014,NaN,4408,NaN,4229,NaN,3819,NaN,3910,NaN,3919,NaN,3852,NaN,3672,NaN,3090,NaN,2767,NaN,2633,NaN,2342,NaN,2276,NaN,2185,NaN,2075,NaN,1791,NaN,1753,NaN,1607,NaN,1457,NaN,1430,NaN,1236,NaN,1073,NaN,1326,NaN,1384,NaN,1282,NaN,1142,NaN,1087,NaN,1060,NaN,1015,NaN,724,NaN,572,NaN,616,NaN,557,NaN,453,NaN,526,NaN,521,NaN,486,NaN,419,NaN,355,NaN,392,NaN,427,NaN,334,NaN,309,NaN,298,NaN,289,NaN,252,NaN,213,NaN,150,NaN,148,NaN,126,NaN,102,NaN,90,NaN,119,NaN,105,NaN,114,NaN,121,NaN,109,NaN,118,NaN,103,NaN,78,NaN,76,NaN,61,NaN,58,NaN,55,NaN,48,NaN,62,NaN,63,NaN,59,NaN,81,NaN,80,NaN,80,NaN,86,NaN,84,NaN,73,NaN,89,NaN,52,NaN,60,NaN,69,NaN,75,NaN,90,NaN,102,NaN,100,NaN,124,NaN,138,NaN,134,NaN,132,NaN,142,NaN,140,NaN,133,NaN,128,NaN,133,NaN,142,NaN,129,NaN,115,NaN,118,NaN,121,NaN,124,NaN,126,NaN,123,NaN,202,NaN,219,NaN,240,NaN,281,NaN,319,NaN,327,NaN,361,NaN,345,NaN,405,NaN,535,NaN,549,NaN,NaN,NaN,NaN,NaN,total_calc_7-day_cases
total_calc_14-day_cases,NaN,NaN,NaN,NaN,NaN,NaN,NaN,NaN,NaN,NaN,NaN,NaN,NaN,NaN,NaN,NaN,NaN,NaN,NaN,NaN,NaN,NaN,NaN,NaN,NaN,NaN,NaN,NaN,NaN,NaN,NaN,NaN,NaN,NaN,NaN,NaN,NaN,NaN,NaN,NaN,NaN,NaN,NaN,NaN,NaN,NaN,NaN,NaN,NaN,NaN,NaN,NaN,NaN,NaN,NaN,NaN,NaN,NaN,NaN,NaN,NaN,NaN,NaN,NaN,NaN,NaN,NaN,NaN,NaN,NaN,NaN,NaN,NaN,NaN,NaN,NaN,NaN,NaN,NaN,NaN,NaN,NaN,NaN,NaN,NaN,NaN,NaN,NaN,NaN,NaN,NaN,NaN,NaN,NaN,NaN,NaN,NaN,NaN,NaN,NaN,NaN,NaN,NaN,NaN,NaN,NaN,NaN,NaN,NaN,NaN,NaN,NaN,NaN,NaN,NaN,NaN,NaN,NaN,NaN,NaN,NaN,NaN,NaN,NaN,NaN,NaN,NaN,NaN,4075,NaN,4624,NaN,4816,NaN,5062,NaN,5432,NaN,5883,NaN,6282,NaN,7010,NaN,7709,NaN,8272,NaN,9144,NaN,9358,NaN,9732,NaN,10169,NaN,10269,NaN,9871,NaN,9890,NaN,9995,NaN,10349,NaN,10188,NaN,9935,NaN,9611,NaN,8998,NaN,8462,NaN,7686,NaN,7498,NaN,6996,NaN,6452,NaN,6252,NaN,6195,NaN,6037,NaN,5747,NaN,4881,NaN,4520,NaN,4240,NaN,3799,NaN,3706,NaN,3421,NaN,3148,NaN,3117,NaN,3137,NaN,2889,NaN,2599,NaN,2517,NaN,2296,NaN,2088,NaN,2050,NaN,1956,NaN,1898,NaN,1699,NaN,1540,NaN,1586,NaN,1536,NaN,1210,NaN,991,NaN,971,NaN,949,NaN,880,NaN,860,NaN,830,NaN,784,NaN,708,NaN,607,NaN,605,NaN,577,NaN,482,NaN,435,NaN,400,NaN,379,NaN,371,NaN,318,NaN,264,NaN,269,NaN,235,NaN,220,NaN,193,NaN,197,NaN,181,NaN,175,NaN,179,NaN,164,NaN,166,NaN,165,NaN,141,NaN,135,NaN,142,NaN,138,NaN,135,NaN,134,NaN,146,NaN,136,NaN,148,NaN,133,NaN,140,NaN,149,NaN,161,NaN,174,NaN,175,NaN,189,NaN,176,NaN,198,NaN,203,NaN,207,NaN,232,NaN,242,NaN,233,NaN,252,NaN,271,NaN,276,NaN,261,NaN,257,NaN,258,NaN,254,NaN,252,NaN,259,NaN,265,NaN,331,NaN,334,NaN,358,NaN,402,NaN,443,NaN,453,NaN,484,NaN,547,NaN,624,NaN,775,NaN,830,NaN,NaN,NaN,NaN,NaN,total_calc_14-day_cases
input_published_daily_deaths,NaN,NaN,NaN,NaN,NaN,NaN,NaN,NaN,NaN,NaN,NaN,NaN,NaN,NaN,NaN,NaN,NaN,NaN,NaN,NaN,NaN,NaN,NaN,NaN,NaN,NaN,NaN,NaN,NaN,NaN,NaN,NaN,NaN,NaN,NaN,NaN,NaN,NaN,NaN,NaN,NaN,NaN,NaN,NaN,NaN,NaN,NaN,NaN,NaN,NaN,NaN,NaN,NaN,NaN,NaN,NaN,NaN,NaN,NaN,NaN,NaN,NaN,NaN,NaN,NaN,NaN,NaN,NaN,NaN,NaN,NaN,NaN,NaN,NaN,NaN,NaN,NaN,NaN,NaN,NaN,1,NaN,0,NaN,0,NaN,1,NaN,0,NaN,0,NaN,0,NaN,0,NaN,1,NaN,0,NaN,0,NaN,1,NaN,2,NaN,1,NaN,2,NaN,10,NaN,3,NaN,14,NaN,10,NaN,8,NaN,17,NaN,14,NaN,13,NaN,22,NaN,17,NaN,21,NaN,16,NaN,36,NaN,25,NaN,28,NaN,25,NaN,33,NaN,14,NaN,31,NaN,41,NaN,38,NaN,43,NaN,44,NaN,41,NaN,39,NaN,77,NaN,44,NaN,49,NaN,28,NaN,37,NaN,42,NaN,23,NaN,18,NaN,59,NaN,31,NaN,43,NaN,34,NaN,25,NaN,19,NaN,16,NaN,23,NaN,37,NaN,29,NaN,27,NaN,18,NaN,12,NaN,15,NaN,24,NaN,10,NaN,10,NaN,16,NaN,15,NaN,10,NaN,4,NaN,16,NaN,11,NaN,12,NaN,11,NaN,13,NaN,4,NaN,0,NaN,9,NaN,17,NaN,9,NaN,6,NaN,9,NaN,2,NaN,1,NaN,8,NaN,3,NaN,5,NaN,7,NaN,9,NaN,1,NaN,4,NaN,9,NaN,5,NaN,8,NaN,3,NaN,5,NaN,1,NaN,0,NaN,3,NaN,3,NaN,4,NaN,2,NaN,2,NaN,0,NaN,2,NaN,3,NaN,6,NaN,1,NaN,3,NaN,6,NaN,1,NaN,0,NaN,1,NaN,3,NaN,5,NaN,2,NaN,1,NaN,0,NaN,0,NaN,1,NaN,0,NaN,6,NaN,1,NaN,2,NaN,0,NaN,0,NaN,0,NaN,2,NaN,1,NaN,3,NaN,2,NaN,0,NaN,0,NaN,0,NaN,1,NaN,1,NaN,0,NaN,1,NaN,0,NaN,0,NaN,0,NaN,0,NaN,1,NaN,0,NaN,0,NaN,0,NaN,0,NaN,0,NaN,0,NaN,1,NaN,4,NaN,1,NaN,0,NaN,0,NaN,input_published_daily_deaths
input_published_denotified_deaths,NaN,NaN,NaN,NaN,NaN,NaN,NaN,NaN,NaN,NaN,NaN,NaN,NaN,NaN,NaN,NaN,NaN,NaN,NaN,NaN,NaN,NaN,NaN,NaN,NaN,NaN,NaN,NaN,NaN,NaN,NaN,NaN,NaN,NaN,NaN,NaN,NaN,NaN,NaN,NaN,NaN,NaN,NaN,NaN,NaN,NaN,NaN,NaN,NaN,NaN,NaN,NaN,NaN,NaN,NaN,NaN,NaN,NaN,NaN,NaN,NaN,NaN,NaN,NaN,NaN,NaN,NaN,NaN,NaN,NaN,NaN,NaN,NaN,NaN,NaN,NaN,NaN,NaN,NaN,NaN,NaN,NaN,NaN,NaN,NaN,NaN,NaN,NaN,NaN,NaN,NaN,NaN,NaN,NaN,NaN,NaN,NaN,NaN,NaN,NaN,NaN,NaN,NaN,NaN,NaN,NaN,NaN,NaN,NaN,NaN,NaN,NaN,NaN,NaN,NaN,NaN,NaN,NaN,NaN,NaN,NaN,NaN,NaN,NaN,NaN,NaN,NaN,NaN,NaN,NaN,NaN,NaN,NaN,NaN,NaN,NaN,NaN,NaN,NaN,NaN,NaN,NaN,-1,NaN,NaN,NaN,NaN,NaN,NaN,NaN,NaN,NaN,-1,NaN,NaN,NaN,NaN,NaN,NaN,NaN,NaN,NaN,-1,NaN,-10,NaN,-3,NaN,-2,NaN,-3,NaN,-2,NaN,-3,NaN,-2,NaN,NaN,NaN,-1,NaN,-1,NaN,-4,NaN,-2,NaN,NaN,NaN,-3,NaN,-1,NaN,-1,NaN,-1,NaN,-1,NaN,NaN,NaN,-6,NaN,-3,NaN,-1,NaN,-1,NaN,-4,NaN,NaN,NaN,NaN,NaN,NaN,NaN,-2,NaN,-1,NaN,NaN,NaN,-2,NaN,-1,NaN,NaN,NaN,-2,NaN,NaN,NaN,-1,NaN,-1,NaN,NaN,NaN,-3,NaN,-1,NaN,-3,NaN,NaN,NaN,-2,NaN,NaN,NaN,-1,NaN,-1,NaN,NaN,NaN,NaN,NaN,-1,NaN,-1,NaN,NaN,NaN,-1,NaN,-5,NaN,NaN,NaN,NaN,NaN,NaN,NaN,-2,NaN,NaN,NaN,-2,NaN,-1,NaN,NaN,NaN,NaN,NaN,NaN,NaN,NaN,NaN,NaN,NaN,NaN,NaN,-2,NaN,NaN,NaN,NaN,NaN,NaN,NaN,-1,NaN,-5,NaN,NaN,NaN,NaN,NaN,NaN,NaN,NaN,NaN,NaN,NaN,NaN,NaN,NaN,NaN,NaN,NaN,NaN,NaN,NaN,NaN,NaN,NaN,NaN,NaN,NaN,NaN,NaN,NaN,NaN,NaN,NaN,NaN,NaN,NaN,NaN,NaN,NaN,NaN,NaN,NaN,NaN,NaN,NaN,NaN,NaN,NaN,NaN,NaN,NaN,NaN,NaN,NaN,NaN,NaN,NaN,NaN,NaN,NaN,NaN,NaN,NaN,NaN,NaN,NaN,NaN,NaN,NaN,NaN,NaN,NaN,NaN,NaN,NaN,NaN,NaN,NaN,NaN,NaN,input_published_denotified_deaths
input_published_probable_deaths,NaN,NaN,NaN,NaN,NaN,NaN,NaN,NaN,NaN,NaN,NaN,NaN,NaN,NaN,NaN,NaN,NaN,NaN,NaN,NaN,NaN,NaN,NaN,NaN,NaN,NaN,NaN,NaN,NaN,NaN,NaN,NaN,NaN,NaN,NaN,NaN,NaN,NaN,NaN,NaN,NaN,NaN,NaN,NaN,NaN,NaN,NaN,NaN,NaN,NaN,NaN,NaN,NaN,NaN,NaN,NaN,NaN,NaN,NaN,NaN,NaN,NaN,NaN,NaN,NaN,NaN,NaN,NaN,NaN,NaN,NaN,NaN,NaN,NaN,NaN,NaN,NaN,NaN,NaN,NaN,NaN,NaN,NaN,NaN,NaN,NaN,NaN,NaN,NaN,NaN,NaN,NaN,NaN,NaN,NaN,NaN,NaN,NaN,NaN,NaN,NaN,NaN,NaN,NaN,NaN,NaN,NaN,NaN,NaN,NaN,NaN,NaN,NaN,NaN,NaN,NaN,NaN,NaN,NaN,NaN,NaN,NaN,NaN,NaN,NaN,NaN,NaN,NaN,NaN,NaN,NaN,NaN,NaN,NaN,NaN,NaN,NaN,NaN,NaN,NaN,NaN,NaN,NaN,NaN,NaN,NaN,NaN,NaN,NaN,NaN,NaN,NaN,NaN,NaN,NaN,NaN,NaN,NaN,NaN,NaN,NaN,NaN,NaN,NaN,NaN,NaN,NaN,NaN,185,NaN,10,NaN,3,NaN,NaN,NaN,NaN,NaN,NaN,NaN,NaN,NaN,0,NaN,NaN,NaN,NaN,NaN,NaN,NaN,NaN,NaN,NaN,NaN,NaN,NaN,NaN,NaN,NaN,NaN,NaN,NaN,NaN,NaN,NaN,NaN,NaN,NaN,NaN,NaN,NaN,NaN,NaN,NaN,NaN,NaN,NaN,NaN,NaN,NaN,NaN,NaN,NaN,NaN,NaN,NaN,NaN,NaN,NaN,NaN,NaN,NaN,NaN,NaN,NaN,NaN,NaN,NaN,NaN,NaN,NaN,NaN,NaN,NaN,NaN,NaN,NaN,NaN,NaN,NaN,NaN,NaN,NaN,NaN,NaN,NaN,NaN,NaN,NaN,NaN,NaN,NaN,NaN,NaN,NaN,NaN,NaN,NaN,NaN,NaN,NaN,NaN,NaN,NaN,NaN,NaN,NaN,NaN,NaN,NaN,NaN,NaN,NaN,NaN,NaN,NaN,NaN,NaN,NaN,NaN,NaN,NaN,NaN,NaN,NaN,NaN,NaN,NaN,NaN,NaN,NaN,NaN,NaN,NaN,NaN,NaN,NaN,NaN,NaN,NaN,NaN,NaN,NaN,NaN,NaN,NaN,NaN,NaN,NaN,NaN,NaN,NaN,NaN,NaN,NaN,NaN,NaN,NaN,NaN,NaN,NaN,NaN,NaN,NaN,NaN,NaN,NaN,NaN,NaN,NaN,NaN,NaN,NaN,NaN,NaN,NaN,NaN,NaN,NaN,NaN,NaN,NaN,NaN,NaN,NaN,NaN,NaN,NaN,NaN,NaN,NaN,NaN,NaN,NaN,NaN,NaN,NaN,NaN,NaN,NaN,NaN,NaN,NaN,NaN,NaN,NaN,NaN,NaN,NaN,NaN,NaN,NaN,NaN,NaN,NaN,NaN,input_published_probable_deaths
input_possible_errors_deaths,NaN,NaN,NaN,NaN,NaN,NaN,NaN,NaN,NaN,NaN,NaN,NaN,NaN,NaN,NaN,NaN,NaN,NaN,NaN,NaN,NaN,NaN,NaN,NaN,NaN,NaN,NaN,NaN,NaN,NaN,NaN,NaN,NaN,NaN,NaN,NaN,NaN,NaN,NaN,NaN,NaN,NaN,NaN,NaN,NaN,NaN,NaN,NaN,NaN,NaN,NaN,NaN,NaN,NaN,NaN,NaN,NaN,NaN,NaN,NaN,NaN,NaN,NaN,NaN,NaN,NaN,NaN,NaN,NaN,NaN,NaN,NaN,NaN,NaN,NaN,NaN,NaN,NaN,NaN,NaN,NaN,NaN,NaN,NaN,NaN,NaN,NaN,NaN,NaN,NaN,NaN,NaN,NaN,NaN,NaN,NaN,NaN,NaN,NaN,NaN,NaN,NaN,NaN,NaN,NaN,NaN,NaN,NaN,NaN,NaN,NaN,NaN,NaN,NaN,NaN,NaN,NaN,NaN,NaN,NaN,NaN,NaN,NaN,NaN,NaN,NaN,NaN,NaN,NaN,NaN,NaN,NaN,NaN,NaN,NaN,NaN,NaN,NaN,NaN,NaN,NaN,NaN,NaN,NaN,NaN,NaN,NaN,NaN,NaN,NaN,NaN,NaN,NaN,NaN,NaN,NaN,NaN,NaN,NaN,NaN,NaN,NaN,NaN,NaN,NaN,NaN,NaN,NaN,NaN,NaN,NaN,NaN,NaN,NaN,NaN,NaN,NaN,NaN,NaN,NaN,NaN,NaN,NaN,NaN,NaN,NaN,NaN,NaN,NaN,NaN,NaN,NaN,NaN,NaN,NaN,NaN,NaN,NaN,NaN,NaN,NaN,NaN,NaN,NaN,NaN,NaN,NaN,NaN,NaN,NaN,NaN,NaN,NaN,NaN,NaN,NaN,NaN,NaN,NaN,NaN,NaN,NaN,NaN,NaN,NaN,NaN,NaN,NaN,NaN,NaN,NaN,NaN,NaN,NaN,NaN,NaN,NaN,NaN,NaN,NaN,NaN,NaN,NaN,NaN,NaN,NaN,NaN,NaN,NaN,NaN,NaN,NaN,NaN,NaN,NaN,NaN,NaN,NaN,NaN,NaN,NaN,NaN,NaN,NaN,NaN,NaN,NaN,NaN,NaN,NaN,NaN,NaN,NaN,NaN,NaN,NaN,NaN,NaN,NaN,NaN,NaN,NaN,NaN,NaN,NaN,NaN,NaN,NaN,NaN,NaN,NaN,NaN,NaN,NaN,NaN,NaN,NaN,NaN,NaN,NaN,NaN,NaN,NaN,NaN,NaN,NaN,NaN,NaN,NaN,NaN,NaN,NaN,NaN,NaN,NaN,NaN,NaN,NaN,-4,NaN,-1,NaN,NaN,NaN,NaN,NaN,NaN,NaN,NaN,NaN,NaN,NaN,NaN,NaN,NaN,NaN,NaN,NaN,-1,NaN,NaN,NaN,NaN,NaN,NaN,NaN,NaN,NaN,8,NaN,NaN,NaN,NaN,NaN,NaN,NaN,NaN,NaN,NaN,NaN,NaN,NaN,-2,NaN,NaN,NaN,NaN,NaN,NaN,NaN,NaN,NaN,NaN,NaN,NaN,NaN,4,NaN,NaN,NaN,-1,NaN,NaN,NaN,NaN,NaN,input_possible_errors_deaths
calc_overall_ire_running_deaths,NaN,NaN,NaN,NaN,NaN,NaN,NaN,NaN,NaN,NaN,NaN,NaN,NaN,NaN,NaN,NaN,NaN,NaN,NaN,NaN,NaN,NaN,NaN,NaN,NaN,NaN,NaN,NaN,NaN,NaN,NaN,NaN,NaN,NaN,NaN,NaN,NaN,NaN,NaN,NaN,NaN,NaN,NaN,NaN,NaN,NaN,NaN,NaN,NaN,NaN,NaN,NaN,NaN,NaN,NaN,NaN,NaN,NaN,NaN,NaN,NaN,NaN,NaN,NaN,NaN,NaN,NaN,NaN,NaN,NaN,NaN,NaN,NaN,NaN,NaN,NaN,NaN,NaN,NaN,NaN,1,NaN,1,NaN,1,NaN,2,NaN,2,NaN,2,NaN,2,NaN,2,NaN,3,NaN,3,NaN,3,NaN,4,NaN,6,NaN,7,NaN,9,NaN,19,NaN,22,NaN,36,NaN,46,NaN,54,NaN,71,NaN,85,NaN,98,NaN,120,NaN,137,NaN,158,NaN,174,NaN,210,NaN,235,NaN,263,NaN,288,NaN,320,NaN,334,NaN,365,NaN,406,NaN,444,NaN,486,NaN,530,NaN,571,NaN,610,NaN,687,NaN,730,NaN,769,NaN,794,NaN,1014,NaN,1063,NaN,1087,NaN,1102,NaN,1159,NaN,1190,NaN,1232,NaN,1265,NaN,1286,NaN,1303,NaN,1319,NaN,1339,NaN,1375,NaN,1403,NaN,1429,NaN,1446,NaN,1458,NaN,1467,NaN,1488,NaN,1497,NaN,1506,NaN,1518,NaN,1533,NaN,1543,NaN,1547,NaN,1561,NaN,1571,NaN,1583,NaN,1592,NaN,1604,NaN,1608,NaN,1606,NaN,1615,NaN,1631,NaN,1639,NaN,1645,NaN,1651,NaN,1652,NaN,1650,NaN,1658,NaN,1659,NaN,1664,NaN,1670,NaN,1678,NaN,1679,NaN,1683,NaN,1691,NaN,1695,NaN,1703,NaN,1705,NaN,1705,NaN,1706,NaN,1706,NaN,1709,NaN,1710,NaN,1714,NaN,1714,NaN,1715,NaN,1715,NaN,1717,NaN,1720,NaN,1726,NaN,1727,NaN,1730,NaN,1734,NaN,1735,NaN,1735,NaN,1736,NaN,1738,NaN,1738,NaN,1740,NaN,1741,NaN,1741,NaN,1741,NaN,1742,NaN,1738,NaN,1743,NaN,1744,NaN,1746,NaN,1746,NaN,1746,NaN,1746,NaN,1748,NaN,1749,NaN,1752,NaN,1753,NaN,1753,NaN,1753,NaN,1753,NaN,1754,NaN,1763,NaN,1763,NaN,1764,NaN,1764,NaN,1764,NaN,1764,NaN,1764,NaN,1763,NaN,1763,NaN,1763,NaN,1763,NaN,1763,NaN,1763,NaN,1763,NaN,1768,NaN,1772,NaN,1772,NaN,1772,NaN,1772,NaN,calc_overall_ire_running_deaths
calc_5-day_average_deaths,NaN,NaN,NaN,NaN,NaN,NaN,NaN,NaN,NaN,NaN,NaN,NaN,NaN,NaN,NaN,NaN,NaN,NaN,NaN,NaN,NaN,NaN,NaN,NaN,NaN,NaN,NaN,NaN,NaN,NaN,NaN,NaN,NaN,NaN,NaN,NaN,NaN,NaN,NaN,NaN,NaN,NaN,NaN,NaN,NaN,NaN,NaN,NaN,NaN,NaN,NaN,NaN,NaN,NaN,NaN,NaN,NaN,NaN,NaN,NaN,NaN,NaN,NaN,NaN,NaN,NaN,NaN,NaN,NaN,NaN,NaN,NaN,NaN,NaN,NaN,NaN,NaN,NaN,NaN,NaN,NaN,NaN,NaN,NaN,NaN,NaN,NaN,NaN,NaN,NaN,0,NaN,0,NaN,0,NaN,0,NaN,0,NaN,0,NaN,0,NaN,1,NaN,1,NaN,1,NaN,3,NaN,4,NaN,6,NaN,8,NaN,9,NaN,10,NaN,13,NaN,12,NaN,15,NaN,17,NaN,17,NaN,18,NaN,22,NaN,23,NaN,25,NaN,26,NaN,29,NaN,25,NaN,26,NaN,29,NaN,31,NaN,33,NaN,39,NaN,41,NaN,41,NaN,49,NaN,49,NaN,48,NaN,45,NaN,81,NaN,75,NaN,71,NaN,67,NaN,73,NaN,35,NaN,34,NaN,36,NaN,37,NaN,29,NaN,26,NaN,21,NaN,22,NaN,23,NaN,25,NaN,25,NaN,24,NaN,18,NaN,17,NaN,14,NaN,12,NaN,12,NaN,13,NaN,11,NaN,10,NaN,11,NaN,11,NaN,10,NaN,10,NaN,11,NaN,9,NaN,7,NaN,6,NaN,8,NaN,7,NaN,7,NaN,9,NaN,7,NaN,4,NaN,4,NaN,3,NaN,3,NaN,4,NaN,6,NaN,4,NaN,5,NaN,5,NaN,5,NaN,5,NaN,5,NaN,4,NaN,3,NaN,2,NaN,1,NaN,1,NaN,2,NaN,2,NaN,2,NaN,1,NaN,1,NaN,1,NaN,2,NaN,2,NaN,3,NaN,3,NaN,3,NaN,2,NaN,2,NaN,2,NaN,1,NaN,1,NaN,1,NaN,1,NaN,1,NaN,1,NaN,0,NaN,0,NaN,1,NaN,1,NaN,1,NaN,2,NaN,1,NaN,1,NaN,1,NaN,1,NaN,1,NaN,1,NaN,1,NaN,1,NaN,0,NaN,2,NaN,2,NaN,2,NaN,2,NaN,2,NaN,0,NaN,0,NaN,0,NaN,0,NaN,0,NaN,0,NaN,0,NaN,0,NaN,0,NaN,1,NaN,2,NaN,2,NaN,2,NaN,NaN,NaN,calc_5-day_average_deaths
calc_7-day_average_deaths,NaN,NaN,NaN,NaN,NaN,NaN,NaN,NaN,NaN,NaN,NaN,NaN,NaN,NaN,NaN,NaN,NaN,NaN,NaN,NaN,NaN,NaN,NaN,NaN,NaN,NaN,NaN,NaN,NaN,NaN,NaN,NaN,NaN,NaN,NaN,NaN,NaN,NaN,NaN,NaN,NaN,NaN,NaN,NaN,NaN,NaN,NaN,NaN,NaN,NaN,NaN,NaN,NaN,NaN,NaN,NaN,NaN,NaN,NaN,NaN,NaN,NaN,NaN,NaN,NaN,NaN,NaN,NaN,NaN,NaN,NaN,NaN,NaN,NaN,NaN,NaN,NaN,NaN,NaN,NaN,NaN,NaN,NaN,NaN,NaN,NaN,NaN,NaN,NaN,NaN,NaN,NaN,NaN,NaN,0,NaN,0,NaN,0,NaN,0,NaN,0,NaN,1,NaN,1,NaN,1,NaN,2,NaN,3,NaN,5,NaN,6,NaN,7,NaN,9,NaN,11,NaN,11,NaN,14,NaN,14,NaN,16,NaN,17,NaN,20,NaN,21,NaN,24,NaN,24,NaN,26,NaN,25,NaN,27,NaN,28,NaN,30,NaN,32,NaN,35,NaN,36,NaN,39,NaN,46,NaN,46,NaN,46,NaN,44,NaN,69,NaN,70,NaN,68,NaN,59,NaN,61,NaN,60,NaN,63,NaN,36,NaN,32,NaN,31,NaN,31,NaN,26,NaN,26,NaN,24,NaN,23,NaN,23,NaN,22,NaN,21,NaN,21,NaN,17,NaN,15,NaN,13,NaN,12,NaN,12,NaN,11,NaN,10,NaN,11,NaN,11,NaN,11,NaN,10,NaN,9,NaN,8,NaN,8,NaN,9,NaN,8,NaN,8,NaN,7,NaN,6,NaN,6,NaN,6,NaN,4,NaN,4,NaN,4,NaN,4,NaN,4,NaN,5,NaN,5,NaN,5,NaN,6,NaN,5,NaN,4,NaN,4,NaN,3,NaN,3,NaN,2,NaN,2,NaN,1,NaN,1,NaN,1,NaN,2,NaN,2,NaN,2,NaN,2,NaN,2,NaN,3,NaN,3,NaN,3,NaN,2,NaN,2,NaN,2,NaN,1,NaN,1,NaN,1,NaN,1,NaN,1,NaN,0,NaN,1,NaN,1,NaN,1,NaN,1,NaN,1,NaN,1,NaN,1,NaN,1,NaN,1,NaN,1,NaN,1,NaN,1,NaN,1,NaN,1,NaN,2,NaN,2,NaN,2,NaN,2,NaN,2,NaN,2,NaN,1,NaN,0,NaN,0,NaN,0,NaN,0,NaN,0,NaN,0,NaN,0,NaN,1,NaN,1,NaN,1,NaN,1,NaN,NaN,NaN,calc_7-day_average_deaths
calc_14-day_average_deaths,NaN,NaN,NaN,NaN,NaN,NaN,NaN,NaN,NaN,NaN,NaN,NaN,NaN,NaN,NaN,NaN,NaN,NaN,NaN,NaN,NaN,NaN,NaN,NaN,NaN,NaN,NaN,NaN,NaN,NaN,NaN,NaN,NaN,NaN,NaN,NaN,NaN,NaN,NaN,NaN,NaN,NaN,NaN,NaN,NaN,NaN,NaN,NaN,NaN,NaN,NaN,NaN,NaN,NaN,NaN,NaN,NaN,NaN,NaN,NaN,NaN,NaN,NaN,NaN,NaN,NaN,NaN,NaN,NaN,NaN,NaN,NaN,NaN,NaN,NaN,NaN,NaN,NaN,NaN,NaN,NaN,NaN,NaN,NaN,NaN,NaN,NaN,NaN,NaN,NaN,NaN,NaN,NaN,NaN,NaN,NaN,NaN,NaN,NaN,NaN,NaN,NaN,NaN,NaN,NaN,NaN,NaN,NaN,1,NaN,1,NaN,2,NaN,2,NaN,3,NaN,4,NaN,5,NaN,6,NaN,7,NaN,8,NaN,10,NaN,11,NaN,12,NaN,15,NaN,16,NaN,17,NaN,19,NaN,20,NaN,21,NaN,22,NaN,24,NaN,26,NaN,28,NaN,29,NaN,31,NaN,32,NaN,37,NaN,37,NaN,38,NaN,38,NaN,52,NaN,53,NaN,54,NaN,53,NaN,54,NaN,53,NaN,53,NaN,53,NaN,51,NaN,50,NaN,45,NaN,44,NaN,43,NaN,44,NaN,30,NaN,27,NaN,27,NaN,26,NaN,24,NaN,22,NaN,20,NaN,18,NaN,18,NaN,17,NaN,16,NaN,16,NaN,14,NaN,13,NaN,12,NaN,11,NaN,11,NaN,10,NaN,9,NaN,10,NaN,10,NaN,9,NaN,8,NaN,8,NaN,7,NaN,7,NaN,6,NaN,6,NaN,6,NaN,5,NaN,5,NaN,6,NaN,5,NaN,5,NaN,5,NaN,4,NaN,4,NaN,4,NaN,4,NaN,4,NaN,4,NaN,4,NaN,3,NaN,3,NaN,3,NaN,2,NaN,2,NaN,2,NaN,2,NaN,2,NaN,2,NaN,2,NaN,2,NaN,2,NaN,2,NaN,2,NaN,2,NaN,2,NaN,2,NaN,2,NaN,2,NaN,1,NaN,1,NaN,1,NaN,1,NaN,1,NaN,1,NaN,1,NaN,1,NaN,1,NaN,1,NaN,1,NaN,1,NaN,1,NaN,1,NaN,1,NaN,1,NaN,1,NaN,1,NaN,1,NaN,1,NaN,1,NaN,1,NaN,1,NaN,1,NaN,1,NaN,1,NaN,1,NaN,1,NaN,1,NaN,0,NaN,1,NaN,1,NaN,1,NaN,NaN,NaN,calc_14-day_average_deaths
total_calc_5-day_deaths,NaN,NaN,NaN,NaN,NaN,NaN,NaN,NaN,NaN,NaN,NaN,NaN,NaN,NaN,NaN,NaN,NaN,NaN,NaN,NaN,NaN,NaN,NaN,NaN,NaN,NaN,NaN,NaN,NaN,NaN,NaN,NaN,NaN,NaN,NaN,NaN,NaN,NaN,NaN,NaN,NaN,NaN,NaN,NaN,NaN,NaN,NaN,NaN,NaN,NaN,NaN,NaN,NaN,NaN,NaN,NaN,NaN,NaN,NaN,NaN,NaN,NaN,NaN,NaN,NaN,NaN,NaN,NaN,NaN,NaN,NaN,NaN,NaN,NaN,NaN,NaN,NaN,NaN,NaN,NaN,NaN,NaN,NaN,NaN,NaN,NaN,NaN,NaN,NaN,NaN,1,NaN,1,NaN,1,NaN,1,NaN,1,NaN,1,NaN,2,NaN,4,NaN,4,NaN,6,NaN,16,NaN,18,NaN,30,NaN,39,NaN,45,NaN,52,NaN,63,NaN,62,NaN,74,NaN,83,NaN,87,NaN,89,NaN,112,NaN,115,NaN,126,NaN,130,NaN,146,NaN,124,NaN,130,NaN,143,NaN,156,NaN,166,NaN,196,NaN,206,NaN,204,NaN,243,NaN,244,NaN,239,NaN,223,NaN,404,NaN,376,NaN,357,NaN,333,NaN,365,NaN,176,NaN,169,NaN,178,NaN,184,NaN,144,NaN,129,NaN,107,NaN,110,NaN,117,NaN,126,NaN,127,NaN,119,NaN,92,NaN,85,NaN,68,NaN,60,NaN,60,NaN,66,NaN,55,NaN,50,NaN,55,NaN,53,NaN,50,NaN,49,NaN,57,NaN,47,NaN,35,NaN,32,NaN,39,NaN,35,NaN,37,NaN,45,NaN,37,NaN,19,NaN,19,NaN,14,NaN,13,NaN,18,NaN,28,NaN,21,NaN,24,NaN,27,NaN,25,NaN,25,NaN,26,NaN,22,NaN,15,NaN,11,NaN,6,NaN,5,NaN,9,NaN,8,NaN,9,NaN,6,NaN,7,NaN,6,NaN,12,NaN,12,NaN,15,NaN,17,NaN,15,NaN,9,NaN,9,NaN,8,NaN,4,NaN,5,NaN,6,NaN,5,NaN,3,NaN,4,NaN,-2,NaN,2,NaN,3,NaN,5,NaN,4,NaN,8,NaN,3,NaN,4,NaN,3,NaN,6,NaN,7,NaN,7,NaN,5,NaN,4,NaN,2,NaN,10,NaN,10,NaN,11,NaN,11,NaN,10,NaN,1,NaN,1,NaN,-1,NaN,-1,NaN,-1,NaN,-1,NaN,-1,NaN,0,NaN,0,NaN,5,NaN,9,NaN,9,NaN,9,NaN,NaN,NaN,total_calc_5-day_deaths
total_calc_7-day_deaths,NaN,NaN,NaN,NaN,NaN,NaN,NaN,NaN,NaN,NaN,NaN,NaN,NaN,NaN,NaN,NaN,NaN,NaN,NaN,NaN,NaN,NaN,NaN,NaN,NaN,NaN,NaN,NaN,NaN,NaN,NaN,NaN,NaN,NaN,NaN,NaN,NaN,NaN,NaN,NaN,NaN,NaN,NaN,NaN,NaN,NaN,NaN,NaN,NaN,NaN,NaN,NaN,NaN,NaN,NaN,NaN,NaN,NaN,NaN,NaN,NaN,NaN,NaN,NaN,NaN,NaN,NaN,NaN,NaN,NaN,NaN,NaN,NaN,NaN,NaN,NaN,NaN,NaN,NaN,NaN,NaN,NaN,NaN,NaN,NaN,NaN,NaN,NaN,NaN,NaN,NaN,NaN,NaN,NaN,1,NaN,2,NaN,2,NaN,1,NaN,2,NaN,4,NaN,5,NaN,7,NaN,16,NaN,19,NaN,33,NaN,42,NaN,48,NaN,64,NaN,76,NaN,79,NaN,98,NaN,101,NaN,112,NaN,120,NaN,139,NaN,150,NaN,165,NaN,168,NaN,183,NaN,176,NaN,191,NaN,196,NaN,209,NaN,223,NaN,242,NaN,251,NaN,276,NaN,322,NaN,324,NaN,325,NaN,308,NaN,484,NaN,492,NaN,477,NaN,415,NaN,429,NaN,421,NaN,438,NaN,251,NaN,223,NaN,216,NaN,217,NaN,180,NaN,185,NaN,171,NaN,164,NaN,160,NaN,155,NaN,148,NaN,149,NaN,122,NaN,103,NaN,89,NaN,87,NaN,85,NaN,80,NaN,73,NaN,74,NaN,77,NaN,74,NaN,71,NaN,65,NaN,59,NaN,54,NaN,60,NaN,56,NaN,53,NaN,47,NaN,44,NaN,44,NaN,43,NaN,28,NaN,25,NaN,25,NaN,27,NaN,27,NaN,33,NaN,33,NaN,36,NaN,39,NaN,35,NaN,27,NaN,27,NaN,23,NaN,18,NaN,15,NaN,11,NaN,9,NaN,10,NaN,9,NaN,11,NaN,11,NaN,16,NaN,13,NaN,16,NaN,19,NaN,20,NaN,18,NaN,16,NaN,12,NaN,11,NaN,10,NaN,7,NaN,6,NaN,6,NaN,6,NaN,0,NaN,5,NaN,4,NaN,5,NaN,5,NaN,5,NaN,4,NaN,10,NaN,6,NaN,8,NaN,7,NaN,7,NaN,7,NaN,7,NaN,6,NaN,14,NaN,11,NaN,11,NaN,11,NaN,11,NaN,11,NaN,10,NaN,0,NaN,0,NaN,-1,NaN,-1,NaN,-1,NaN,-1,NaN,-1,NaN,5,NaN,9,NaN,9,NaN,9,NaN,NaN,NaN,total_calc_7-day_deaths
total_calc_14-day_deaths,NaN,NaN,NaN,NaN,NaN,NaN,NaN,NaN,NaN,NaN,NaN,NaN,NaN,NaN,NaN,NaN,NaN,NaN,NaN,NaN,NaN,NaN,NaN,NaN,NaN,NaN,NaN,NaN,NaN,NaN,NaN,NaN,NaN,NaN,NaN,NaN,NaN,NaN,NaN,NaN,NaN,NaN,NaN,NaN,NaN,NaN,NaN,NaN,NaN,NaN,NaN,NaN,NaN,NaN,NaN,NaN,NaN,NaN,NaN,NaN,NaN,NaN,NaN,NaN,NaN,NaN,NaN,NaN,NaN,NaN,NaN,NaN,NaN,NaN,NaN,NaN,NaN,NaN,NaN,NaN,NaN,NaN,NaN,NaN,NaN,NaN,NaN,NaN,NaN,NaN,NaN,NaN,NaN,NaN,NaN,NaN,NaN,NaN,NaN,NaN,NaN,NaN,NaN,NaN,NaN,NaN,NaN,NaN,8,NaN,18,NaN,21,NaN,34,NaN,44,NaN,52,NaN,69,NaN,83,NaN,95,NaN,117,NaN,134,NaN,154,NaN,168,NaN,203,NaN,226,NaN,244,NaN,266,NaN,284,NaN,288,NaN,311,NaN,335,NaN,359,NaN,388,NaN,410,NaN,434,NaN,452,NaN,513,NaN,520,NaN,534,NaN,531,NaN,726,NaN,743,NaN,753,NaN,737,NaN,753,NaN,746,NaN,746,NaN,735,NaN,715,NaN,693,NaN,632,NaN,609,NaN,606,NaN,609,NaN,415,NaN,383,NaN,371,NaN,365,NaN,329,NaN,307,NaN,274,NaN,253,NaN,247,NaN,240,NaN,228,NaN,222,NaN,196,NaN,180,NaN,163,NaN,158,NaN,150,NaN,139,NaN,127,NaN,134,NaN,133,NaN,127,NaN,118,NaN,109,NaN,103,NaN,97,NaN,88,NaN,81,NaN,78,NaN,74,NaN,71,NaN,77,NaN,76,NaN,64,NaN,64,NaN,60,NaN,54,NaN,54,NaN,56,NaN,51,NaN,51,NaN,50,NaN,44,NaN,37,NaN,36,NaN,34,NaN,29,NaN,31,NaN,24,NaN,25,NaN,29,NaN,29,NaN,29,NaN,27,NaN,28,NaN,24,NaN,26,NaN,26,NaN,26,NaN,24,NaN,22,NaN,12,NaN,16,NaN,14,NaN,12,NaN,11,NaN,11,NaN,10,NaN,10,NaN,11,NaN,12,NaN,12,NaN,12,NaN,12,NaN,11,NaN,16,NaN,20,NaN,19,NaN,18,NaN,18,NaN,18,NaN,18,NaN,16,NaN,14,NaN,11,NaN,10,NaN,10,NaN,10,NaN,10,NaN,9,NaN,5,NaN,9,NaN,8,NaN,8,NaN,NaN,NaN,total_calc_14-day_deaths
input_ireland_lab_cases,NaN,NaN,0,NaN,0,NaN,NaN,NaN,0,NaN,0,NaN,NaN,NaN,0,NaN,NaN,NaN,NaN,NaN,NaN,NaN,0,NaN,NaN,NaN,NaN,NaN,NaN,NaN,NaN,NaN,NaN,NaN,NaN,NaN,0,NaN,NaN,NaN,NaN,NaN,NaN,NaN,NaN,NaN,NaN,NaN,NaN,NaN,0,NaN,NaN,NaN,NaN,NaN,NaN,NaN,1,NaN,NaN,NaN,NaN,NaN,1,NaN,4,NaN,7,NaN,5,NaN,1,NaN,2,NaN,3,NaN,10,NaN,9,NaN,27,NaN,20,NaN,39,NaN,40,NaN,54,NaN,69,NaN,74,NaN,191,NaN,126,NaN,102,NaN,121,NaN,219,NaN,204,NaN,235,NaN,255,NaN,302,NaN,294,NaN,200,NaN,295,NaN,325,NaN,212,NaN,402,NaN,424,NaN,331,NaN,390,NaN,370,NaN,345,NaN,365,NaN,500,NaN,480,NaN,553,NaN,430,NaN,527,NaN,548,NaN,657,NaN,629,NaN,597,NaN,630,NaN,445,NaN,401,NaN,388,NaN,631,NaN,936,NaN,577,NaN,377,NaN,701,NaN,386,NaN,229,NaN,376,NaN,359,NaN,221,NaN,343,NaN,330,NaN,266,NaN,211,NaN,265,NaN,137,NaN,156,NaN,219,NaN,236,NaN,139,NaN,107,NaN,159,NaN,203,NaN,129,NaN,92,NaN,64,NaN,88,NaN,51,NaN,64,NaN,76,NaN,115,NaN,76,NaN,57,NaN,59,NaN,37,NaN,68,NaN,38,NaN,35,NaN,53,NaN,61,NaN,72,NaN,4,NaN,45,NaN,31,NaN,28,NaN,24,NaN,25,NaN,9,NaN,9,NaN,19,NaN,8,NaN,13,NaN,46,NaN,8,NaN,18,NaN,14,NaN,8,NaN,16,NaN,13,NaN,22,NaN,6,NaN,4,NaN,10,NaN,5,NaN,11,NaN,11,NaN,23,NaN,3,NaN,24,NaN,11,NaN,6,NaN,15,NaN,9,NaN,11,NaN,18,NaN,4,NaN,24,NaN,12,NaN,23,NaN,25,NaN,23,NaN,17,NaN,11,NaN,32,NaN,14,NaN,21,NaN,34,NaN,21,NaN,10,NaN,6,NaN,36,NaN,17,NaN,7,NaN,20,NaN,24,NaN,12,NaN,11,NaN,40,NaN,14,NaN,85,NaN,38,NaN,45,NaN,53,NaN,46,NaN,45,NaN,50,NaN,69,NaN,98,NaN,174,NaN,68,NaN,57,NaN,input_ireland_lab_cases
input_germany_lab_cases,NaN,NaN,NaN,NaN,NaN,NaN,NaN,NaN,NaN,NaN,NaN,NaN,NaN,NaN,NaN,NaN,NaN,NaN,NaN,NaN,NaN,NaN,NaN,NaN,NaN,NaN,NaN,NaN,NaN,NaN,NaN,NaN,NaN,NaN,NaN,NaN,NaN,NaN,NaN,NaN,NaN,NaN,NaN,NaN,NaN,NaN,NaN,NaN,NaN,NaN,NaN,NaN,NaN,NaN,NaN,NaN,NaN,NaN,NaN,NaN,NaN,NaN,NaN,NaN,NaN,NaN,NaN,NaN,NaN,NaN,NaN,NaN,NaN,NaN,NaN,NaN,NaN,NaN,NaN,NaN,NaN,NaN,NaN,NaN,NaN,NaN,NaN,NaN,NaN,NaN,NaN,NaN,NaN,NaN,NaN,NaN,NaN,NaN,NaN,NaN,NaN,NaN,NaN,NaN,NaN,NaN,NaN,NaN,NaN,NaN,NaN,NaN,NaN,NaN,NaN,NaN,NaN,NaN,NaN,NaN,NaN,NaN,NaN,NaN,NaN,NaN,NaN,NaN,NaN,NaN,NaN,NaN,NaN,NaN,NaN,NaN,NaN,NaN,NaN,NaN,1035,NaN,286,NaN,297,NaN,465,NaN,284,NaN,411,NaN,95,NaN,112,NaN,148,NaN,48,NaN,NaN,NaN,NaN,NaN,NaN,NaN,NaN,NaN,NaN,NaN,NaN,NaN,NaN,NaN,NaN,NaN,NaN,NaN,NaN,NaN,NaN,NaN,NaN,NaN,NaN,NaN,NaN,NaN,NaN,NaN,NaN,NaN,NaN,NaN,NaN,NaN,NaN,NaN,NaN,NaN,NaN,NaN,NaN,NaN,NaN,NaN,NaN,NaN,NaN,NaN,NaN,NaN,NaN,NaN,NaN,NaN,NaN,NaN,NaN,NaN,NaN,NaN,NaN,NaN,NaN,NaN,NaN,NaN,NaN,NaN,NaN,NaN,NaN,NaN,NaN,NaN,NaN,NaN,NaN,NaN,NaN,NaN,NaN,NaN,NaN,NaN,NaN,NaN,NaN,NaN,NaN,NaN,NaN,NaN,NaN,NaN,NaN,NaN,NaN,NaN,NaN,NaN,NaN,NaN,NaN,NaN,NaN,NaN,NaN,NaN,NaN,NaN,NaN,NaN,NaN,NaN,NaN,NaN,NaN,NaN,NaN,NaN,NaN,NaN,NaN,NaN,NaN,NaN,NaN,NaN,NaN,NaN,NaN,NaN,NaN,NaN,NaN,NaN,NaN,NaN,NaN,NaN,NaN,NaN,NaN,NaN,NaN,NaN,NaN,NaN,NaN,NaN,NaN,NaN,NaN,NaN,NaN,NaN,NaN,NaN,NaN,NaN,NaN,NaN,NaN,NaN,NaN,NaN,NaN,NaN,NaN,NaN,NaN,NaN,NaN,NaN,NaN,NaN,NaN,NaN,NaN,NaN,NaN,NaN,NaN,NaN,NaN,NaN,NaN,NaN,NaN,NaN,NaN,NaN,NaN,NaN,NaN,NaN,NaN,NaN,NaN,NaN,NaN,NaN,NaN,NaN,NaN,NaN,NaN,NaN,NaN,NaN,NaN,NaN,NaN,NaN,NaN,NaN,NaN,NaN,NaN,NaN,NaN,NaN,NaN,NaN,input_germany_lab_cases
input_mater_delayed_cases,NaN,NaN,NaN,NaN,NaN,NaN,NaN,NaN,NaN,NaN,NaN,NaN,NaN,NaN,NaN,NaN,NaN,NaN,NaN,NaN,NaN,NaN,NaN,NaN,NaN,NaN,NaN,NaN,NaN,NaN,NaN,NaN,NaN,NaN,NaN,NaN,NaN,NaN,NaN,NaN,NaN,NaN,NaN,NaN,NaN,NaN,NaN,NaN,NaN,NaN,NaN,NaN,NaN,NaN,NaN,NaN,NaN,NaN,NaN,NaN,NaN,NaN,NaN,NaN,NaN,NaN,NaN,NaN,NaN,NaN,NaN,NaN,NaN,NaN,NaN,NaN,NaN,NaN,NaN,NaN,NaN,NaN,NaN,NaN,NaN,NaN,NaN,NaN,NaN,NaN,NaN,NaN,NaN,NaN,NaN,NaN,NaN,NaN,NaN,NaN,NaN,NaN,NaN,NaN,NaN,NaN,NaN,NaN,NaN,NaN,NaN,NaN,NaN,NaN,NaN,NaN,NaN,NaN,NaN,NaN,NaN,NaN,NaN,NaN,NaN,NaN,NaN,NaN,NaN,NaN,NaN,NaN,NaN,NaN,NaN,NaN,NaN,NaN,NaN,NaN,NaN,NaN,NaN,NaN,NaN,NaN,NaN,NaN,NaN,NaN,NaN,NaN,NaN,NaN,NaN,NaN,NaN,NaN,NaN,NaN,NaN,NaN,NaN,NaN,NaN,NaN,NaN,NaN,NaN,NaN,NaN,NaN,NaN,NaN,NaN,NaN,NaN,NaN,NaN,NaN,NaN,NaN,NaN,NaN,NaN,NaN,NaN,NaN,NaN,NaN,NaN,NaN,NaN,NaN,NaN,NaN,NaN,NaN,NaN,NaN,NaN,NaN,NaN,NaN,NaN,NaN,NaN,NaN,223,NaN,NaN,NaN,NaN,NaN,NaN,NaN,NaN,NaN,NaN,NaN,NaN,NaN,NaN,NaN,NaN,NaN,NaN,NaN,NaN,NaN,NaN,NaN,NaN,NaN,NaN,NaN,NaN,NaN,NaN,NaN,NaN,NaN,NaN,NaN,NaN,NaN,NaN,NaN,NaN,NaN,NaN,NaN,NaN,NaN,NaN,NaN,NaN,NaN,NaN,NaN,NaN,NaN,NaN,NaN,NaN,NaN,NaN,NaN,NaN,NaN,NaN,NaN,NaN,NaN,NaN,NaN,NaN,NaN,NaN,NaN,NaN,NaN,NaN,NaN,NaN,NaN,NaN,NaN,NaN,NaN,NaN,NaN,NaN,NaN,NaN,NaN,NaN,NaN,NaN,NaN,NaN,NaN,NaN,NaN,NaN,NaN,NaN,NaN,NaN,NaN,NaN,NaN,NaN,NaN,NaN,NaN,NaN,NaN,NaN,NaN,NaN,NaN,NaN,NaN,NaN,NaN,NaN,NaN,NaN,NaN,NaN,NaN,NaN,NaN,NaN,NaN,NaN,NaN,NaN,NaN,NaN,NaN,NaN,NaN,NaN,NaN,NaN,NaN,NaN,NaN,NaN,NaN,NaN,NaN,NaN,NaN,NaN,NaN,NaN,NaN,NaN,NaN,NaN,NaN,NaN,NaN,NaN,NaN,NaN,NaN,NaN,NaN,NaN,NaN,NaN,NaN,NaN,NaN,NaN,NaN,NaN,NaN,NaN,NaN,NaN,NaN,input_mater_delayed_cases
input_possible_errors_cases,NaN,NaN,NaN,NaN,NaN,NaN,NaN,NaN,NaN,NaN,NaN,NaN,NaN,NaN,NaN,NaN,NaN,NaN,NaN,NaN,NaN,NaN,NaN,NaN,NaN,NaN,NaN,NaN,NaN,NaN,NaN,NaN,NaN,NaN,NaN,NaN,NaN,NaN,NaN,NaN,NaN,NaN,NaN,NaN,NaN,NaN,NaN,NaN,NaN,NaN,NaN,NaN,NaN,NaN,NaN,NaN,NaN,NaN,NaN,NaN,NaN,NaN,NaN,NaN,NaN,NaN,NaN,NaN,NaN,NaN,NaN,NaN,NaN,NaN,NaN,NaN,NaN,NaN,NaN,NaN,NaN,NaN,NaN,NaN,NaN,NaN,NaN,NaN,NaN,NaN,NaN,NaN,NaN,NaN,NaN,NaN,NaN,NaN,NaN,NaN,NaN,NaN,NaN,NaN,NaN,NaN,NaN,NaN,NaN,NaN,NaN,NaN,NaN,NaN,NaN,NaN,NaN,NaN,NaN,NaN,NaN,NaN,NaN,NaN,NaN,NaN,NaN,NaN,NaN,NaN,NaN,NaN,NaN,NaN,NaN,NaN,NaN,NaN,NaN,NaN,NaN,NaN,NaN,NaN,NaN,NaN,NaN,NaN,NaN,NaN,NaN,NaN,NaN,NaN,NaN,NaN,NaN,NaN,NaN,NaN,NaN,NaN,NaN,NaN,NaN,NaN,NaN,NaN,NaN,NaN,NaN,NaN,NaN,NaN,NaN,NaN,NaN,NaN,NaN,NaN,NaN,NaN,NaN,NaN,NaN,NaN,NaN,NaN,NaN,NaN,NaN,NaN,NaN,NaN,NaN,NaN,NaN,NaN,NaN,NaN,NaN,NaN,NaN,NaN,NaN,NaN,NaN,NaN,NaN,NaN,NaN,NaN,NaN,NaN,NaN,NaN,NaN,NaN,NaN,NaN,NaN,NaN,NaN,NaN,NaN,NaN,NaN,NaN,NaN,NaN,NaN,NaN,NaN,NaN,NaN,NaN,NaN,NaN,NaN,NaN,NaN,NaN,NaN,NaN,NaN,NaN,NaN,NaN,NaN,NaN,NaN,NaN,-7,NaN,-4,NaN,-7,NaN,-3,NaN,-1,NaN,-3,NaN,11,NaN,9,NaN,-23,NaN,NaN,NaN,NaN,NaN,-1,NaN,-1,NaN,-2,NaN,NaN,NaN,-16,NaN,-1,NaN,NaN,NaN,-2,NaN,NaN,NaN,-2,NaN,-2,NaN,NaN,NaN,-1,NaN,-1,NaN,NaN,NaN,-2,NaN,-3,NaN,NaN,NaN,NaN,NaN,NaN,NaN,NaN,NaN,-17,NaN,-7,NaN,NaN,NaN,-1,NaN,-1,NaN,NaN,NaN,-1,NaN,NaN,NaN,-1,NaN,-6,NaN,-2,NaN,-1,NaN,NaN,NaN,NaN,NaN,NaN,NaN,NaN,NaN,NaN,NaN,-1,NaN,NaN,NaN,NaN,NaN,NaN,NaN,-3,NaN,-1,NaN,NaN,NaN,NaN,NaN,-1,NaN,NaN,NaN,NaN,NaN,NaN,NaN,NaN,NaN,NaN,NaN,NaN,NaN,NaN,NaN,NaN,NaN,-1,NaN,input_possible_errors_cases
calc_overall_ire_running_cases,NaN,NaN,0,NaN,0,NaN,0,NaN,0,NaN,0,NaN,0,NaN,0,NaN,0,NaN,0,NaN,0,NaN,0,NaN,0,NaN,0,NaN,0,NaN,0,NaN,0,NaN,0,NaN,0,NaN,0,NaN,0,NaN,0,NaN,0,NaN,0,NaN,0,NaN,0,NaN,0,NaN,0,NaN,0,NaN,1,NaN,1,NaN,1,NaN,2,NaN,6,NaN,13,NaN,18,NaN,19,NaN,21,NaN,24,NaN,34,NaN,43,NaN,70,NaN,90,NaN,129,NaN,169,NaN,223,NaN,292,NaN,366,NaN,557,NaN,683,NaN,785,NaN,906,NaN,1125,NaN,1329,NaN,1564,NaN,1819,NaN,2121,NaN,2415,NaN,2615,NaN,2910,NaN,3235,NaN,3447,NaN,3849,NaN,4273,NaN,4604,NaN,4994,NaN,5364,NaN,5709,NaN,6074,NaN,6574,NaN,8089,NaN,8928,NaN,9655,NaN,10647,NaN,11479,NaN,12547,NaN,13271,NaN,13980,NaN,14758,NaN,15251,NaN,15652,NaN,16040,NaN,16671,NaN,17607,NaN,18184,NaN,18561,NaN,19262,NaN,19648,NaN,19877,NaN,20253,NaN,20612,NaN,20833,NaN,21176,NaN,21506,NaN,21772,NaN,21983,NaN,22248,NaN,22385,NaN,22541,NaN,22760,NaN,22996,NaN,23135,NaN,23242,NaN,23401,NaN,23827,NaN,23956,NaN,24048,NaN,24112,NaN,24200,NaN,24251,NaN,24315,NaN,24391,NaN,24506,NaN,24582,NaN,24639,NaN,24698,NaN,24735,NaN,24803,NaN,24841,NaN,24876,NaN,24929,NaN,24990,NaN,25062,NaN,25066,NaN,25111,NaN,25142,NaN,25163,NaN,25183,NaN,25201,NaN,25207,NaN,25215,NaN,25231,NaN,25250,NaN,25272,NaN,25295,NaN,25303,NaN,25321,NaN,25334,NaN,25341,NaN,25355,NaN,25368,NaN,25374,NaN,25379,NaN,25383,NaN,25391,NaN,25396,NaN,25405,NaN,25414,NaN,25437,NaN,25439,NaN,25462,NaN,25473,NaN,25477,NaN,25489,NaN,25498,NaN,25509,NaN,25527,NaN,25531,NaN,25538,NaN,25543,NaN,25565,NaN,25589,NaN,25611,NaN,25628,NaN,25638,NaN,25670,NaN,25683,NaN,25698,NaN,25730,NaN,25750,NaN,25760,NaN,25766,NaN,25802,NaN,25819,NaN,25826,NaN,25845,NaN,25869,NaN,25881,NaN,25892,NaN,25929,NaN,25942,NaN,26027,NaN,26065,NaN,26109,NaN,26162,NaN,26208,NaN,26253,NaN,26303,NaN,26372,NaN,26470,NaN,26644,NaN,26712,NaN,26768,NaN,calc_overall_ire_running_cases
input_total_ireland_testing,NaN,NaN,NaN,NaN,NaN,NaN,15,NaN,NaN,NaN,NaN,NaN,NaN,NaN,NaN,NaN,NaN,NaN,NaN,NaN,NaN,NaN,65,NaN,NaN,NaN,NaN,NaN,NaN,NaN,NaN,NaN,NaN,NaN,NaN,NaN,78,NaN,NaN,NaN,NaN,NaN,NaN,NaN,NaN,NaN,NaN,NaN,NaN,NaN,90,NaN,NaN,NaN,NaN,NaN,NaN,NaN,NaN,NaN,NaN,NaN,397,NaN,NaN,NaN,NaN,NaN,NaN,NaN,NaN,NaN,NaN,NaN,NaN,NaN,1784,NaN,NaN,NaN,NaN,NaN,NaN,NaN,NaN,NaN,NaN,NaN,NaN,NaN,NaN,NaN,NaN,NaN,NaN,NaN,NaN,NaN,NaN,NaN,NaN,NaN,NaN,NaN,17992,NaN,NaN,NaN,NaN,NaN,NaN,NaN,NaN,NaN,NaN,NaN,NaN,NaN,NaN,NaN,30213,NaN,NaN,NaN,NaN,NaN,NaN,NaN,NaN,NaN,NaN,NaN,NaN,NaN,42484,NaN,NaN,NaN,NaN,NaN,NaN,NaN,NaN,NaN,NaN,NaN,62952,NaN,NaN,NaN,NaN,NaN,NaN,NaN,NaN,NaN,NaN,NaN,NaN,NaN,111584,NaN,NaN,NaN,NaN,NaN,NaN,NaN,NaN,NaN,NaN,NaN,NaN,NaN,153054,NaN,NaN,NaN,NaN,NaN,NaN,NaN,NaN,NaN,NaN,NaN,NaN,NaN,214761,NaN,NaN,NaN,NaN,NaN,NaN,NaN,NaN,NaN,NaN,NaN,NaN,NaN,258808,NaN,NaN,NaN,NaN,NaN,NaN,NaN,NaN,NaN,NaN,NaN,NaN,NaN,295626,NaN,NaN,NaN,NaN,NaN,NaN,NaN,NaN,NaN,NaN,NaN,NaN,NaN,NaN,NaN,325795,NaN,NaN,NaN,NaN,NaN,NaN,NaN,NaN,NaN,NaN,NaN,NaN,NaN,348416,NaN,NaN,NaN,NaN,NaN,NaN,NaN,NaN,NaN,NaN,NaN,367780,NaN,NaN,NaN,NaN,NaN,NaN,NaN,NaN,NaN,NaN,NaN,NaN,NaN,386572,NaN,390049,NaN,393421,NaN,396584,NaN,399259,NaN,401426,NaN,402924,NaN,404989,NaN,408344,NaN,411335,NaN,415028,NaN,419021,NaN,421760,NaN,425030,NaN,429698,NaN,434261,NaN,438034,NaN,445962,NaN,454216,NaN,461323,NaN,467852,NaN,473974,NaN,478339,NaN,482314,NaN,491648,NaN,500578,NaN,509295,NaN,516958,NaN,523277,NaN,527746,NaN,532062,NaN,541574,NaN,550728,NaN,559417,NaN,567819,NaN,574487,NaN,579088,NaN,583211,NaN,592202,NaN,600342,NaN,608980,NaN,614784,NaN,619875,NaN,624615,NaN,628987,NaN,632854,NaN,636085,NaN,NaN,NaN,642250,NaN,644227,NaN,648084,NaN,652917,NaN,657897,NaN,662242,NaN,666884,NaN,670771,NaN,NaN,NaN,input_total_ireland_testing
input_total_germany_testing,NaN,NaN,NaN,NaN,NaN,NaN,NaN,NaN,NaN,NaN,NaN,NaN,NaN,NaN,NaN,NaN,NaN,NaN,NaN,NaN,NaN,NaN,NaN,NaN,NaN,NaN,NaN,NaN,NaN,NaN,NaN,NaN,NaN,NaN,NaN,NaN,NaN,NaN,NaN,NaN,NaN,NaN,NaN,NaN,NaN,NaN,NaN,NaN,NaN,NaN,NaN,NaN,NaN,NaN,NaN,NaN,NaN,NaN,NaN,NaN,NaN,NaN,NaN,NaN,NaN,NaN,NaN,NaN,NaN,NaN,NaN,NaN,NaN,NaN,NaN,NaN,NaN,NaN,NaN,NaN,NaN,NaN,NaN,NaN,NaN,NaN,NaN,NaN,NaN,NaN,NaN,NaN,NaN,NaN,NaN,NaN,NaN,NaN,NaN,NaN,NaN,NaN,NaN,NaN,NaN,NaN,NaN,NaN,NaN,NaN,NaN,NaN,NaN,NaN,NaN,NaN,NaN,NaN,NaN,NaN,NaN,NaN,NaN,NaN,NaN,NaN,NaN,NaN,NaN,NaN,NaN,NaN,NaN,NaN,NaN,NaN,NaN,NaN,NaN,NaN,NaN,NaN,NaN,NaN,NaN,NaN,27694,NaN,NaN,NaN,NaN,NaN,NaN,NaN,NaN,NaN,NaN,NaN,NaN,NaN,NaN,NaN,NaN,NaN,NaN,NaN,NaN,NaN,NaN,NaN,NaN,NaN,NaN,NaN,NaN,NaN,NaN,NaN,NaN,NaN,NaN,NaN,NaN,NaN,NaN,NaN,NaN,NaN,NaN,NaN,NaN,NaN,NaN,NaN,NaN,NaN,NaN,NaN,NaN,NaN,NaN,NaN,NaN,NaN,NaN,NaN,NaN,NaN,NaN,NaN,NaN,NaN,NaN,NaN,NaN,NaN,NaN,NaN,NaN,NaN,NaN,NaN,NaN,NaN,NaN,NaN,NaN,NaN,NaN,NaN,NaN,NaN,NaN,NaN,NaN,NaN,NaN,NaN,NaN,NaN,NaN,NaN,NaN,NaN,NaN,NaN,NaN,NaN,NaN,NaN,NaN,NaN,NaN,NaN,NaN,NaN,NaN,NaN,NaN,NaN,NaN,NaN,NaN,NaN,NaN,NaN,NaN,NaN,NaN,NaN,NaN,NaN,NaN,NaN,NaN,NaN,NaN,NaN,NaN,NaN,NaN,NaN,NaN,NaN,NaN,NaN,NaN,NaN,NaN,NaN,NaN,NaN,NaN,NaN,NaN,NaN,NaN,NaN,NaN,NaN,NaN,NaN,NaN,NaN,NaN,NaN,NaN,NaN,NaN,NaN,NaN,NaN,NaN,NaN,NaN,NaN,NaN,NaN,NaN,NaN,NaN,NaN,NaN,NaN,NaN,NaN,NaN,NaN,NaN,NaN,NaN,NaN,NaN,NaN,NaN,NaN,NaN,NaN,NaN,NaN,NaN,NaN,NaN,NaN,NaN,NaN,NaN,NaN,NaN,NaN,NaN,NaN,NaN,NaN,NaN,NaN,NaN,NaN,NaN,NaN,NaN,NaN,NaN,NaN,NaN,NaN,NaN,NaN,NaN,NaN,NaN,NaN,NaN,NaN,NaN,NaN,NaN,NaN,NaN,NaN,NaN,NaN,NaN,NaN,NaN,NaN,input_total_germany_testing
calc_week_testing,NaN,NaN,NaN,NaN,0,NaN,15,NaN,NaN,NaN,NaN,NaN,NaN,NaN,NaN,NaN,NaN,NaN,NaN,NaN,NaN,NaN,50,NaN,NaN,NaN,NaN,NaN,NaN,NaN,NaN,NaN,NaN,NaN,NaN,NaN,13,NaN,NaN,NaN,NaN,NaN,NaN,NaN,NaN,NaN,NaN,NaN,NaN,NaN,12,NaN,NaN,NaN,NaN,NaN,NaN,NaN,NaN,NaN,NaN,NaN,307,NaN,NaN,NaN,NaN,NaN,NaN,NaN,NaN,NaN,NaN,NaN,NaN,NaN,1387,NaN,NaN,NaN,NaN,NaN,NaN,NaN,NaN,NaN,NaN,NaN,NaN,NaN,NaN,NaN,NaN,NaN,NaN,NaN,NaN,NaN,NaN,NaN,NaN,NaN,NaN,NaN,16208,NaN,NaN,NaN,NaN,NaN,NaN,NaN,NaN,NaN,NaN,NaN,NaN,NaN,NaN,NaN,12221,NaN,NaN,NaN,NaN,NaN,NaN,NaN,NaN,NaN,NaN,NaN,NaN,NaN,12271,NaN,NaN,NaN,NaN,NaN,NaN,NaN,NaN,NaN,NaN,NaN,20468,NaN,NaN,NaN,NaN,NaN,NaN,NaN,NaN,NaN,NaN,NaN,NaN,NaN,20938,NaN,NaN,NaN,NaN,NaN,NaN,NaN,NaN,NaN,NaN,NaN,NaN,NaN,41470,NaN,NaN,NaN,NaN,NaN,NaN,NaN,NaN,NaN,NaN,NaN,NaN,NaN,61707,NaN,NaN,NaN,NaN,NaN,NaN,NaN,NaN,NaN,NaN,NaN,NaN,NaN,44047,NaN,NaN,NaN,NaN,NaN,NaN,NaN,NaN,NaN,NaN,NaN,NaN,NaN,36818,NaN,NaN,NaN,NaN,NaN,NaN,NaN,NaN,NaN,NaN,NaN,NaN,NaN,NaN,NaN,30169,NaN,NaN,NaN,NaN,NaN,NaN,NaN,NaN,NaN,NaN,NaN,NaN,NaN,22621,NaN,NaN,NaN,NaN,NaN,NaN,NaN,NaN,NaN,NaN,NaN,19364,NaN,NaN,NaN,NaN,NaN,NaN,NaN,NaN,NaN,NaN,NaN,NaN,NaN,18792,NaN,3477,NaN,3372,NaN,3163,NaN,2675,NaN,2167,NaN,1498,NaN,2065,NaN,3355,NaN,2991,NaN,3693,NaN,3993,NaN,2739,NaN,3270,NaN,4668,NaN,4563,NaN,3773,NaN,7928,NaN,8254,NaN,7107,NaN,6529,NaN,6122,NaN,4365,NaN,3975,NaN,9334,NaN,8930,NaN,8717,NaN,7663,NaN,6319,NaN,4469,NaN,4316,NaN,9512,NaN,9154,NaN,8689,NaN,8402,NaN,6668,NaN,4601,NaN,4123,NaN,8991,NaN,8140,NaN,8638,NaN,5804,NaN,5091,NaN,4740,NaN,4372,NaN,3867,NaN,3231,NaN,NaN,NaN,6165,NaN,1977,NaN,3857,NaN,4833,NaN,4980,NaN,4345,NaN,4642,NaN,3887,NaN,NaN,NaN,calc_week_testing
calc_7-day_average_testing,NaN,NaN,NaN,NaN,NaN,NaN,NaN,NaN,NaN,NaN,NaN,NaN,NaN,NaN,NaN,NaN,NaN,NaN,NaN,NaN,NaN,NaN,NaN,NaN,NaN,NaN,NaN,NaN,NaN,NaN,NaN,NaN,NaN,NaN,NaN,NaN,NaN,NaN,NaN,NaN,NaN,NaN,NaN,NaN,NaN,NaN,NaN,NaN,NaN,NaN,NaN,NaN,NaN,NaN,NaN,NaN,NaN,NaN,NaN,NaN,NaN,NaN,NaN,NaN,NaN,NaN,NaN,NaN,NaN,NaN,NaN,NaN,NaN,NaN,NaN,NaN,NaN,NaN,NaN,NaN,NaN,NaN,NaN,NaN,NaN,NaN,NaN,NaN,NaN,NaN,NaN,NaN,NaN,NaN,NaN,NaN,NaN,NaN,NaN,NaN,NaN,NaN,NaN,NaN,NaN,NaN,NaN,NaN,NaN,NaN,NaN,NaN,NaN,NaN,NaN,NaN,NaN,NaN,NaN,NaN,NaN,NaN,NaN,NaN,NaN,NaN,NaN,NaN,NaN,NaN,NaN,NaN,NaN,NaN,1753,NaN,NaN,NaN,NaN,NaN,NaN,NaN,NaN,NaN,NaN,NaN,NaN,NaN,NaN,NaN,NaN,NaN,NaN,NaN,NaN,NaN,NaN,NaN,NaN,NaN,6947,NaN,NaN,NaN,NaN,NaN,NaN,NaN,NaN,NaN,NaN,NaN,NaN,NaN,5924,NaN,NaN,NaN,NaN,NaN,NaN,NaN,NaN,NaN,NaN,NaN,NaN,NaN,8815,NaN,NaN,NaN,NaN,NaN,NaN,NaN,NaN,NaN,NaN,NaN,NaN,NaN,6292,NaN,NaN,NaN,NaN,NaN,NaN,NaN,NaN,NaN,NaN,NaN,NaN,NaN,5260,NaN,NaN,NaN,NaN,NaN,NaN,NaN,NaN,NaN,NaN,NaN,NaN,NaN,NaN,NaN,NaN,NaN,NaN,NaN,NaN,NaN,NaN,NaN,NaN,NaN,NaN,NaN,NaN,NaN,3232,NaN,NaN,NaN,NaN,NaN,NaN,NaN,NaN,NaN,NaN,NaN,NaN,NaN,NaN,NaN,NaN,NaN,NaN,NaN,NaN,NaN,NaN,NaN,NaN,NaN,2685,NaN,NaN,NaN,NaN,NaN,NaN,NaN,NaN,NaN,NaN,NaN,NaN,NaN,2631,NaN,2614,NaN,2559,NaN,2635,NaN,2823,NaN,2905,NaN,3158,NaN,3530,NaN,3702,NaN,3814,NaN,4419,NaN,5028,NaN,5652,NaN,6117,NaN,6325,NaN,6297,NaN,6326,NaN,6527,NaN,6623,NaN,6853,NaN,7015,NaN,7043,NaN,7058,NaN,7107,NaN,7132,NaN,7164,NaN,7160,NaN,7266,NaN,7316,NaN,7335,NaN,7307,NaN,7233,NaN,7088,NaN,7080,NaN,6709,NaN,6484,NaN,6504,NaN,6539,NaN,5807,NaN,5106,NaN,NaN,NaN,3924,NaN,3479,NaN,3353,NaN,3419,NaN,3578,NaN,3737,NaN,NaN,NaN,4074,NaN,NaN,NaN,calc_7-day_average_testing
input_total_hospitalised_icu,NaN,NaN,NaN,NaN,NaN,NaN,NaN,NaN,NaN,NaN,NaN,NaN,NaN,NaN,NaN,NaN,NaN,NaN,NaN,NaN,NaN,NaN,NaN,NaN,NaN,NaN,NaN,NaN,NaN,NaN,NaN,NaN,NaN,NaN,NaN,NaN,NaN,NaN,NaN,NaN,NaN,NaN,NaN,NaN,NaN,NaN,NaN,NaN,NaN,NaN,NaN,NaN,NaN,NaN,NaN,NaN,NaN,NaN,NaN,NaN,NaN,NaN,NaN,NaN,NaN,NaN,NaN,NaN,NaN,NaN,NaN,NaN,NaN,NaN,NaN,NaN,NaN,NaN,NaN,NaN,NaN,NaN,NaN,NaN,NaN,NaN,NaN,NaN,NaN,NaN,6,NaN,7,NaN,12,NaN,13,NaN,17,NaN,25,NaN,36,NaN,39,NaN,47,NaN,59,NaN,67,NaN,77,NaN,84,NaN,113,NaN,126,NaN,134,NaN,148,NaN,158,NaN,165,NaN,169,NaN,194,NaN,224,NaN,230,NaN,233,NaN,253,NaN,261,NaN,268,NaN,275,NaN,280,NaN,284,NaN,294,NaN,296,NaN,303,NaN,306,NaN,315,NaN,322,NaN,331,NaN,338,NaN,344,NaN,349,NaN,353,NaN,358,NaN,355,NaN,360,NaN,367,NaN,368,NaN,363,NaN,364,NaN,369,NaN,373,NaN,363,NaN,373,NaN,381,NaN,383,NaN,383,NaN,386,NaN,389,NaN,387,NaN,387,NaN,389,NaN,389,NaN,391,NaN,390,NaN,393,NaN,392,NaN,393,NaN,393,NaN,394,NaN,394,NaN,395,NaN,399,NaN,404,NaN,404,NaN,408,NaN,408,NaN,408,NaN,408,NaN,409,NaN,410,NaN,410,NaN,410,NaN,409,NaN,411,NaN,413,NaN,411,NaN,412,NaN,415,NaN,416,NaN,416,NaN,417,NaN,418,NaN,417,NaN,417,NaN,416,NaN,419,NaN,419,NaN,431,NaN,434,NaN,434,NaN,433,NaN,434,NaN,NaN,NaN,NaN,NaN,435,NaN,434,NaN,434,NaN,434,NaN,436,NaN,436,NaN,436,NaN,437,NaN,436,NaN,436,NaN,436,NaN,436,NaN,436,NaN,436,NaN,436,NaN,436,NaN,437,NaN,437,NaN,437,NaN,437,NaN,437,NaN,437,NaN,437,NaN,438,NaN,438,NaN,438,NaN,438,NaN,438,NaN,438,NaN,437,NaN,438,NaN,438,NaN,437,NaN,437,NaN,437,NaN,437,NaN,437,NaN,439,NaN,437,NaN,438,NaN,438,NaN,438,NaN,438,NaN,NaN,NaN,NaN,NaN,input_total_hospitalised_icu
calc_daily_hospitalised_icu,NaN,NaN,NaN,NaN,NaN,NaN,NaN,NaN,NaN,NaN,NaN,NaN,NaN,NaN,NaN,NaN,NaN,NaN,NaN,NaN,NaN,NaN,NaN,NaN,NaN,NaN,NaN,NaN,NaN,NaN,NaN,NaN,NaN,NaN,NaN,NaN,NaN,NaN,NaN,NaN,NaN,NaN,NaN,NaN,NaN,NaN,NaN,NaN,NaN,NaN,NaN,NaN,NaN,NaN,NaN,NaN,NaN,NaN,NaN,NaN,NaN,NaN,NaN,NaN,NaN,NaN,NaN,NaN,NaN,NaN,NaN,NaN,NaN,NaN,NaN,NaN,NaN,NaN,NaN,NaN,NaN,NaN,NaN,NaN,NaN,NaN,NaN,NaN,NaN,NaN,NaN,NaN,1,NaN,5,NaN,1,NaN,4,NaN,8,NaN,11,NaN,3,NaN,8,NaN,12,NaN,8,NaN,10,NaN,7,NaN,29,NaN,13,NaN,8,NaN,14,NaN,10,NaN,7,NaN,4,NaN,25,NaN,30,NaN,6,NaN,3,NaN,20,NaN,8,NaN,7,NaN,7,NaN,5,NaN,4,NaN,10,NaN,2,NaN,7,NaN,3,NaN,9,NaN,7,NaN,9,NaN,7,NaN,6,NaN,5,NaN,4,NaN,5,NaN,-3,NaN,5,NaN,7,NaN,1,NaN,-5,NaN,1,NaN,5,NaN,4,NaN,-10,NaN,10,NaN,8,NaN,2,NaN,0,NaN,3,NaN,3,NaN,-2,NaN,0,NaN,2,NaN,0,NaN,2,NaN,-1,NaN,3,NaN,-1,NaN,1,NaN,0,NaN,1,NaN,0,NaN,1,NaN,4,NaN,5,NaN,0,NaN,4,NaN,0,NaN,0,NaN,0,NaN,1,NaN,1,NaN,0,NaN,0,NaN,-1,NaN,2,NaN,2,NaN,-2,NaN,1,NaN,3,NaN,1,NaN,0,NaN,1,NaN,1,NaN,-1,NaN,0,NaN,-1,NaN,3,NaN,0,NaN,12,NaN,3,NaN,0,NaN,-1,NaN,1,NaN,NaN,NaN,NaN,NaN,1,NaN,-1,NaN,0,NaN,0,NaN,2,NaN,0,NaN,0,NaN,1,NaN,-1,NaN,0,NaN,0,NaN,0,NaN,0,NaN,0,NaN,0,NaN,0,NaN,1,NaN,0,NaN,0,NaN,0,NaN,0,NaN,0,NaN,0,NaN,1,NaN,0,NaN,0,NaN,0,NaN,0,NaN,0,NaN,-1,NaN,1,NaN,0,NaN,-1,NaN,0,NaN,0,NaN,0,NaN,0,NaN,2,NaN,-2,NaN,1,NaN,0,NaN,0,NaN,0,NaN,NaN,NaN,NaN,NaN,calc_daily_hospitalised_icu
input_total_hospitalised,NaN,NaN,NaN,NaN,NaN,NaN,NaN,NaN,NaN,NaN,NaN,NaN,NaN,NaN,NaN,NaN,NaN,NaN,NaN,NaN,NaN,NaN,NaN,NaN,NaN,NaN,NaN,NaN,NaN,NaN,NaN,NaN,NaN,NaN,NaN,NaN,NaN,NaN,NaN,NaN,NaN,NaN,NaN,NaN,NaN,NaN,NaN,NaN,NaN,NaN,NaN,NaN,NaN,NaN,NaN,NaN,NaN,NaN,NaN,NaN,NaN,NaN,NaN,NaN,NaN,NaN,NaN,NaN,NaN,NaN,NaN,NaN,NaN,NaN,NaN,NaN,NaN,NaN,NaN,NaN,NaN,NaN,NaN,NaN,NaN,NaN,NaN,NaN,NaN,NaN,84,NaN,108,NaN,140,NaN,173,NaN,211,NaN,239,NaN,277,NaN,305,NaN,340,NaN,419,NaN,489,NaN,564,NaN,645,NaN,703,NaN,834,NaN,932,NaN,1039,NaN,1118,NaN,1203,NaN,1265,NaN,1345,NaN,1472,NaN,1521,NaN,1631,NaN,1718,NaN,1777,NaN,1849,NaN,1903,NaN,1968,NaN,2026,NaN,2082,NaN,2168,NaN,2233,NaN,2272,NaN,2323,NaN,2387,NaN,2424,NaN,2486,NaN,2536,NaN,2576,NaN,2625,NaN,2638,NaN,2669,NaN,2709,NaN,2768,NaN,2785,NaN,2825,NaN,2840,NaN,2879,NaN,2878,NaN,2891,NaN,2915,NaN,2954,NaN,2986,NaN,2998,NaN,3031,NaN,3050,NaN,3053,NaN,3062,NaN,3094,NaN,3117,NaN,3127,NaN,3143,NaN,3164,NaN,3183,NaN,3194,NaN,3211,NaN,3222,NaN,3225,NaN,"3,233",NaN,3251,NaN,3267,NaN,3270,NaN,3279,NaN,3283,NaN,3286,NaN,3292,NaN,3298,NaN,3311,NaN,3312,NaN,3319,NaN,3321,NaN,3322,NaN,3331,NaN,"3,321",NaN,3307,NaN,3275,NaN,3276,NaN,3279,NaN,3278,NaN,3282,NaN,3278,NaN,3282,NaN,3286,NaN,3280,NaN,3282,NaN,3284,NaN,3285,NaN,3292,NaN,3293,NaN,3293,NaN,NaN,NaN,NaN,NaN,3293,NaN,3295,NaN,3298,NaN,3298,NaN,3307,NaN,3309,NaN,3308,NaN,3309,NaN,3307,NaN,3313,NaN,3328,NaN,3328,NaN,3330,NaN,3330,NaN,3330,NaN,3332,NaN,3337,NaN,3339,NaN,3339,NaN,3342,NaN,3342,NaN,3343,NaN,3342,NaN,3340,NaN,3341,NaN,3344,NaN,3345,NaN,3345,NaN,3346,NaN,3349,NaN,3349,NaN,3350,NaN,3352,NaN,3353,NaN,3359,NaN,3359,NaN,3358,NaN,3357,NaN,3359,NaN,3362,NaN,3364,NaN,3365,NaN,3365,NaN,NaN,NaN,NaN,NaN,input_total_hospitalised
calc_daily_hospitalised,NaN,NaN,NaN,NaN,NaN,NaN,NaN,NaN,NaN,NaN,NaN,NaN,NaN,NaN,NaN,NaN,NaN,NaN,NaN,NaN,NaN,NaN,NaN,NaN,NaN,NaN,NaN,NaN,NaN,NaN,NaN,NaN,NaN,NaN,NaN,NaN,NaN,NaN,NaN,NaN,NaN,NaN,NaN,NaN,NaN,NaN,NaN,NaN,NaN,NaN,NaN,NaN,NaN,NaN,NaN,NaN,NaN,NaN,NaN,NaN,NaN,NaN,NaN,NaN,NaN,NaN,NaN,NaN,NaN,NaN,NaN,NaN,NaN,NaN,NaN,NaN,NaN,NaN,NaN,NaN,NaN,NaN,NaN,NaN,NaN,NaN,NaN,NaN,NaN,NaN,NaN,NaN,24,NaN,32,NaN,33,NaN,38,NaN,28,NaN,38,NaN,28,NaN,35,NaN,79,NaN,70,NaN,75,NaN,81,NaN,58,NaN,131,NaN,98,NaN,107,NaN,79,NaN,85,NaN,62,NaN,80,NaN,127,NaN,49,NaN,110,NaN,87,NaN,59,NaN,72,NaN,54,NaN,65,NaN,58,NaN,56,NaN,86,NaN,65,NaN,39,NaN,51,NaN,64,NaN,37,NaN,62,NaN,50,NaN,40,NaN,49,NaN,13,NaN,31,NaN,40,NaN,59,NaN,17,NaN,40,NaN,15,NaN,39,NaN,-1,NaN,13,NaN,24,NaN,39,NaN,32,NaN,12,NaN,33,NaN,19,NaN,3,NaN,9,NaN,32,NaN,23,NaN,10,NaN,16,NaN,21,NaN,19,NaN,11,NaN,17,NaN,11,NaN,3,NaN,8,NaN,18,NaN,16,NaN,3,NaN,9,NaN,4,NaN,3,NaN,6,NaN,6,NaN,13,NaN,1,NaN,7,NaN,2,NaN,1,NaN,9,NaN,-10,NaN,-14,NaN,-32,NaN,1,NaN,3,NaN,-1,NaN,4,NaN,-4,NaN,4,NaN,4,NaN,-6,NaN,2,NaN,2,NaN,1,NaN,7,NaN,1,NaN,0,NaN,NaN,NaN,NaN,NaN,0,NaN,2,NaN,3,NaN,0,NaN,9,NaN,2,NaN,-1,NaN,1,NaN,-2,NaN,6,NaN,15,NaN,0,NaN,2,NaN,0,NaN,0,NaN,2,NaN,5,NaN,2,NaN,0,NaN,3,NaN,0,NaN,1,NaN,-1,NaN,-2,NaN,1,NaN,3,NaN,1,NaN,0,NaN,1,NaN,3,NaN,0,NaN,1,NaN,2,NaN,1,NaN,6,NaN,0,NaN,-1,NaN,-1,NaN,2,NaN,3,NaN,2,NaN,1,NaN,0,NaN,NaN,NaN,NaN,NaN,calc_daily_hospitalised
